Satellite1,Satellite2,Distance,Orbit
1,22,1969.9219380541983,0
1,2,1969.921999317239,0
2,1,1969.921999317239,0
2,3,1969.9220596356893,0
3,2,1969.9220596356893,0
3,4,1969.9219356426422,0
4,3,1969.9219356426422,0
4,5,1969.9219825293417,0
5,4,1969.9219825293417,0
5,6,1969.921989684788,0
6,5,1969.921989684788,0
6,7,1969.9220187536182,0
7,6,1969.9220187536182,0
7,8,1969.9220462491874,0
8,7,1969.9220462491874,0
8,9,1969.9219647984028,0
9,8,1969.9219647984028,0
9,10,1969.9219782743849,0
10,9,1969.9219782743849,0
10,11,1969.9219922274533,0
11,10,1969.9219922274533,0
11,12,1969.921938054198,0
12,11,1969.921938054198,0
12,13,1969.9219993172405,0
13,12,1969.9219993172405,0
13,14,1969.9220596356902,0
14,13,1969.9220596356902,0
14,15,1969.9219356426413,0
15,14,1969.9219356426413,0
15,16,1969.9219825293421,0
16,15,1969.9219825293421,0
16,17,1969.9219896847878,0
17,16,1969.9219896847878,0
17,18,1969.9220187536182,0
18,17,1969.9220187536182,0
18,19,1969.9220462491867,0
19,18,1969.9220462491867,0
19,20,1969.9219647984028,0
20,19,1969.9219647984028,0
20,21,1969.921978274386,0
21,20,1969.921978274386,0
21,22,1969.921992227453,0
22,21,1969.921992227453,0
22,1,1969.9219380541983,0
23,44,1969.922012149073,1
23,24,1969.9220330491692,1
24,23,1969.9220330491692,1
24,25,1969.921953750623,1
25,24,1969.921953750623,1
25,26,1969.921949573547,1
26,25,1969.921949573547,1
26,27,1969.9219779407958,1
27,26,1969.9219779407958,1
27,28,1969.9220615901863,1
28,27,1969.9220615901863,1
28,29,1969.9220476226594,1
29,28,1969.9220476226594,1
29,30,1969.9218931709393,1
30,29,1969.9218931709393,1
30,31,1969.9220787542617,1
31,30,1969.9220787542617,1
31,32,1969.9219443027905,1
32,31,1969.9219443027905,1
32,33,1969.921953262904,1
33,32,1969.921953262904,1
33,34,1969.9220121490728,1
34,33,1969.9220121490728,1
34,35,1969.92203304917,1
35,34,1969.92203304917,1
35,36,1969.9219537506215,1
36,35,1969.9219537506215,1
36,37,1969.9219495735472,1
37,36,1969.9219495735472,1
37,38,1969.9219779407958,1
38,37,1969.9219779407958,1
38,39,1969.9220615901863,1
39,38,1969.9220615901863,1
39,40,1969.9220476226596,1
40,39,1969.9220476226596,1
40,41,1969.9218931709395,1
41,40,1969.9218931709395,1
41,42,1969.9220787542615,1
42,41,1969.9220787542615,1
42,43,1969.9219443027905,1
43,42,1969.9219443027905,1
43,44,1969.9219532629027,1
44,43,1969.9219532629027,1
44,23,1969.922012149073,1
45,66,1969.921963745079,2
45,46,1969.9220085401275,2
46,45,1969.9220085401275,2
46,47,1969.9220773549155,2
47,46,1969.9220773549155,2
47,48,1969.92197535749,2
48,47,1969.92197535749,2
48,49,1969.921886550884,2
49,48,1969.921886550884,2
49,50,1969.9220397749239,2
50,49,1969.9220397749239,2
50,51,1969.9220504224845,2
51,50,1969.9220504224845,2
51,52,1969.9219247562871,2
52,51,1969.9219247562871,2
52,53,1969.9219911994303,2
53,52,1969.9219911994303,2
53,54,1969.9220285443714,2
54,53,1969.9220285443714,2
54,55,1969.9219589209517,2
55,54,1969.9219589209517,2
55,56,1969.9219637450813,2
56,55,1969.9219637450813,2
56,57,1969.922008540127,2
57,56,1969.922008540127,2
57,58,1969.922077354916,2
58,57,1969.922077354916,2
58,59,1969.9219753574898,2
59,58,1969.9219753574898,2
59,60,1969.921886550885,2
60,59,1969.921886550885,2
60,61,1969.9220397749223,2
61,60,1969.9220397749223,2
61,62,1969.9220504224847,2
62,61,1969.9220504224847,2
62,63,1969.921924756288,2
63,62,1969.921924756288,2
63,64,1969.9219911994303,2
64,63,1969.9219911994303,2
64,65,1969.9220285443712,2
65,64,1969.9220285443712,2
65,66,1969.9219589209526,2
66,65,1969.9219589209526,2
66,45,1969.921963745079,2
67,88,1969.9219668120318,3
67,68,1969.9219941418453,3
68,67,1969.9219941418453,3
68,69,1969.9219777234719,3
69,68,1969.9219777234719,3
69,70,1969.921968532705,3
70,69,1969.921968532705,3
70,71,1969.9219875064757,3
71,70,1969.9219875064757,3
71,72,1969.9220716918046,3
72,71,1969.9220716918046,3
72,73,1969.9219358035143,3
73,72,1969.9219358035143,3
73,74,1969.922031119448,3
74,73,1969.922031119448,3
74,75,1969.921953492222,3
75,74,1969.921953492222,3
75,76,1969.9219451321496,3
76,75,1969.9219451321496,3
76,77,1969.9220732112835,3
77,76,1969.9220732112835,3
77,78,1969.921966812033,3
78,77,1969.921966812033,3
78,79,1969.9219941418442,3
79,78,1969.9219941418442,3
79,80,1969.921977723472,3
80,79,1969.921977723472,3
80,81,1969.9219685327062,3
81,80,1969.9219685327062,3
81,82,1969.9219875064755,3
82,81,1969.9219875064755,3
82,83,1969.9220716918041,3
83,82,1969.9220716918041,3
83,84,1969.9219358035152,3
84,83,1969.9219358035152,3
84,85,1969.9220311194467,3
85,84,1969.9220311194467,3
85,86,1969.921953492223,3
86,85,1969.921953492223,3
86,87,1969.9219451321494,3
87,86,1969.9219451321494,3
87,88,1969.9220732112838,3
88,87,1969.9220732112838,3
88,67,1969.9219668120318,3
89,110,1969.9219905366986,4
89,90,1969.9219532543466,4
90,89,1969.9219532543466,4
90,91,1969.9220292033183,4
91,90,1969.9220292033183,4
91,92,1969.9219895182146,4
92,91,1969.9219895182146,4
92,93,1969.9220014784426,4
93,92,1969.9220014784426,4
93,94,1969.9220030046695,4
94,93,1969.9220030046695,4
94,95,1969.9220347288554,4
95,94,1969.9220347288554,4
95,96,1969.9219203977013,4
96,95,1969.9219203977013,4
96,97,1969.9219843954797,4
97,96,1969.9219843954797,4
97,98,1969.921952750696,4
98,97,1969.921952750696,4
98,99,1969.9220458985233,4
99,98,1969.9220458985233,4
99,100,1969.921990536698,4
100,99,1969.921990536698,4
100,101,1969.9219532543482,4
101,100,1969.9219532543482,4
101,102,1969.922029203318,4
102,101,1969.922029203318,4
102,103,1969.9219895182139,4
103,102,1969.9219895182139,4
103,104,1969.9220014784437,4
104,103,1969.9220014784437,4
104,105,1969.922003004669,4
105,104,1969.922003004669,4
105,106,1969.922034728855,4
106,105,1969.922034728855,4
106,107,1969.921920397702,4
107,106,1969.921920397702,4
107,108,1969.9219843954786,4
108,107,1969.9219843954786,4
108,109,1969.921952750697,4
109,108,1969.921952750697,4
109,110,1969.922045898523,4
110,109,1969.922045898523,4
110,89,1969.9219905366986,4
111,132,1969.9220280722436,5
111,112,1969.9220090609313,5
112,111,1969.9220090609313,5
112,113,1969.921983681609,5
113,112,1969.921983681609,5
113,114,1969.921986088892,5
114,113,1969.921986088892,5
114,115,1969.921970293748,5
115,114,1969.921970293748,5
115,116,1969.9220714281157,5
116,115,1969.9220714281157,5
116,117,1969.9219033528468,5
117,116,1969.9219033528468,5
117,118,1969.9220812550232,5
118,117,1969.9220812550232,5
118,119,1969.921936700385,5
119,118,1969.921936700385,5
119,120,1969.9219549112056,5
120,119,1969.9219549112056,5
120,121,1969.921980321949,5
121,120,1969.921980321949,5
121,122,1969.922028072244,5
122,121,1969.922028072244,5
122,123,1969.9220090609322,5
123,122,1969.9220090609322,5
123,124,1969.9219836816071,5
124,123,1969.9219836816071,5
124,125,1969.9219860888943,5
125,124,1969.9219860888943,5
125,126,1969.9219702937457,5
126,125,1969.9219702937457,5
126,127,1969.9220714281166,5
127,126,1969.9220714281166,5
127,128,1969.921903352847,5
128,127,1969.921903352847,5
128,129,1969.922081255023,5
129,128,1969.922081255023,5
129,130,1969.9219367003848,5
130,129,1969.9219367003848,5
130,131,1969.9219549112072,5
131,130,1969.9219549112072,5
131,132,1969.9219803219491,5
132,131,1969.9219803219491,5
132,111,1969.9220280722436,5
133,154,1969.9220282876176,6
133,134,1969.9219826794,6
134,133,1969.9219826794,6
134,135,1969.9219562817352,6
135,134,1969.9219562817352,6
135,136,1969.922059966292,6
136,135,1969.922059966292,6
136,137,1969.9219766412432,6
137,136,1969.9219766412432,6
137,138,1969.9219812782335,6
138,137,1969.9219812782335,6
138,139,1969.9220356657672,6
139,138,1969.9220356657672,6
139,140,1969.921915403809,6
140,139,1969.921915403809,6
140,141,1969.922084130014,6
141,140,1969.922084130014,6
141,142,1969.9219630175999,6
142,141,1969.9219630175999,6
142,143,1969.921921815236,6
143,142,1969.921921815236,6
143,144,1969.9220282876179,6
144,143,1969.9220282876179,6
144,145,1969.9219826793997,6
145,144,1969.9219826793997,6
145,146,1969.9219562817348,6
146,145,1969.9219562817348,6
146,147,1969.9220599662929,6
147,146,1969.9220599662929,6
147,148,1969.921976641243,6
148,147,1969.921976641243,6
148,149,1969.9219812782342,6
149,148,1969.9219812782342,6
149,150,1969.9220356657665,6
150,149,1969.9220356657665,6
150,151,1969.9219154038099,6
151,150,1969.9219154038099,6
151,152,1969.9220841300153,6
152,151,1969.9220841300153,6
152,153,1969.9219630175983,6
153,152,1969.9219630175983,6
153,154,1969.9219218152366,6
154,153,1969.9219218152366,6
154,133,1969.9220282876176,6
155,176,1969.922030939923,7
155,156,1969.9219905120076,7
156,155,1969.9219905120076,7
156,157,1969.9219976000488,7
157,156,1969.9219976000488,7
157,158,1969.921951686023,7
158,157,1969.921951686023,7
158,159,1969.9219606204217,7
159,158,1969.9219606204217,7
159,160,1969.9220584704335,7
160,159,1969.9220584704335,7
160,161,1969.9219526765805,7
161,160,1969.9219526765805,7
161,162,1969.922002702008,7
162,161,1969.922002702008,7
162,163,1969.9219836891552,7
163,162,1969.9219836891552,7
163,164,1969.9219817450034,7
164,163,1969.9219817450034,7
164,165,1969.9219945253465,7
165,164,1969.9219945253465,7
165,166,1969.9220309399225,7
166,165,1969.9220309399225,7
166,167,1969.9219905120085,7
167,166,1969.9219905120085,7
167,168,1969.9219976000488,7
168,167,1969.9219976000488,7
168,169,1969.9219516860212,7
169,168,1969.9219516860212,7
169,170,1969.921960620424,7
170,169,1969.921960620424,7
170,171,1969.9220584704335,7
171,170,1969.9220584704335,7
171,172,1969.9219526765794,7
172,171,1969.9219526765794,7
172,173,1969.9220027020087,7
173,172,1969.9220027020087,7
173,174,1969.9219836891555,7
174,173,1969.9219836891555,7
174,175,1969.9219817450044,7
175,174,1969.9219817450044,7
175,176,1969.9219945253467,7
176,175,1969.9219945253467,7
176,155,1969.922030939923,7
177,198,1969.9220310030057,8
177,178,1969.9220201061794,8
178,177,1969.9220201061794,8
178,179,1969.921989951553,8
179,178,1969.921989951553,8
179,180,1969.921975951056,8
180,179,1969.921975951056,8
180,181,1969.9220036189602,8
181,180,1969.9220036189602,8
181,182,1969.9219009802603,8
182,181,1969.9219009802603,8
182,183,1969.9221079250997,8
183,182,1969.9221079250997,8
183,184,1969.921932381465,8
184,183,1969.921932381465,8
184,185,1969.921980095358,8
185,184,1969.921980095358,8
185,186,1969.9219869609017,8
186,185,1969.9219869609017,8
186,187,1969.9219761931072,8
187,186,1969.9219761931072,8
187,188,1969.9220310030055,8
188,187,1969.9220310030055,8
188,189,1969.9220201061783,8
189,188,1969.9220201061783,8
189,190,1969.9219899515524,8
190,189,1969.9219899515524,8
190,191,1969.9219759510584,8
191,190,1969.9219759510584,8
191,192,1969.9220036189586,8
192,191,1969.9220036189586,8
192,193,1969.9219009802623,8
193,192,1969.9219009802623,8
193,194,1969.9221079250992,8
194,193,1969.9221079250992,8
194,195,1969.9219323814657,8
195,194,1969.9219323814657,8
195,196,1969.9219800953565,8
196,195,1969.9219800953565,8
196,197,1969.9219869609028,8
197,196,1969.9219869609028,8
197,198,1969.9219761931067,8
198,197,1969.9219761931067,8
198,177,1969.9220310030057,8
199,220,1969.9219872076937,9
199,200,1969.9219589535903,9
200,199,1969.9219589535903,9
200,201,1969.9220019417915,9
201,200,1969.9220019417915,9
201,202,1969.9219836925406,9
202,201,1969.9219836925406,9
202,203,1969.9219400134389,9
203,202,1969.9219400134389,9
203,204,1969.9220848482237,9
204,203,1969.9220848482237,9
204,205,1969.9219333653778,9
205,204,1969.9219333653778,9
205,206,1969.9219766754704,9
206,205,1969.9219766754704,9
206,207,1969.9220386880663,9
207,206,1969.9220386880663,9
207,208,1969.921939222961,9
208,207,1969.921939222961,9
208,209,1969.9220605577914,9
209,208,1969.9220605577914,9
209,210,1969.9219872076937,9
210,209,1969.9219872076937,9
210,211,1969.9219589535903,9
211,210,1969.9219589535903,9
211,212,1969.9220019417917,9
212,211,1969.9220019417917,9
212,213,1969.92198369254,9
213,212,1969.92198369254,9
213,214,1969.9219400134386,9
214,213,1969.9219400134386,9
214,215,1969.9220848482253,9
215,214,1969.9220848482253,9
215,216,1969.921933365376,9
216,215,1969.921933365376,9
216,217,1969.921976675473,9
217,216,1969.921976675473,9
217,218,1969.922038688064,9
218,217,1969.922038688064,9
218,219,1969.9219392229616,9
219,218,1969.9219392229616,9
219,220,1969.9220605577923,9
220,219,1969.9220605577923,9
220,199,1969.9219872076937,9
221,242,1969.9219903668354,10
221,222,1969.9219832238646,10
222,221,1969.9219832238646,10
222,223,1969.9219929597432,10
223,222,1969.9219929597432,10
223,224,1969.9220345919566,10
224,223,1969.9220345919566,10
224,225,1969.9219456941744,10
225,224,1969.9219456941744,10
225,226,1969.9219410700546,10
226,225,1969.9219410700546,10
226,227,1969.922064215096,10
227,226,1969.922064215096,10
227,228,1969.9220659405323,10
228,227,1969.9220659405323,10
228,229,1969.9219673693617,10
229,228,1969.9219673693617,10
229,230,1969.9219937391335,10
230,229,1969.9219937391335,10
230,231,1969.921925996197,10
231,230,1969.921925996197,10
231,232,1969.9219903668345,10
232,231,1969.9219903668345,10
232,233,1969.9219832238643,10
233,232,1969.9219832238643,10
233,234,1969.9219929597436,10
234,233,1969.9219929597436,10
234,235,1969.922034591958,10
235,234,1969.922034591958,10
235,236,1969.9219456941728,10
236,235,1969.9219456941728,10
236,237,1969.9219410700548,10
237,236,1969.9219410700548,10
237,238,1969.9220642150965,10
238,237,1969.9220642150965,10
238,239,1969.9220659405323,10
239,238,1969.9220659405323,10
239,240,1969.9219673693622,10
240,239,1969.9219673693622,10
240,241,1969.921993739131,10
241,240,1969.921993739131,10
241,242,1969.9219259961988,10
242,241,1969.9219259961988,10
242,221,1969.9219903668354,10
243,264,1969.9219791773182,11
243,244,1969.9219888123525,11
244,243,1969.9219888123525,11
244,245,1969.922006356182,11
245,244,1969.922006356182,11
245,246,1969.922032100562,11
246,245,1969.922032100562,11
246,247,1969.921958901459,11
247,246,1969.921958901459,11
247,248,1969.9219222565098,11
248,247,1969.9219222565098,11
248,249,1969.9219690551615,11
249,248,1969.9219690551615,11
249,250,1969.922053031354,11
250,249,1969.922053031354,11
250,251,1969.922042784187,11
251,250,1969.922042784187,11
251,252,1969.9219421128523,11
252,251,1969.9219421128523,11
252,253,1969.922010579011,11
253,252,1969.922010579011,11
253,254,1969.9219791773178,11
254,253,1969.9219791773178,11
254,255,1969.9219888123523,11
255,254,1969.9219888123523,11
255,256,1969.922006356182,11
256,255,1969.922006356182,11
256,257,1969.9220321005616,11
257,256,1969.9220321005616,11
257,258,1969.9219589014615,11
258,257,1969.9219589014615,11
258,259,1969.9219222565084,11
259,258,1969.9219222565084,11
259,260,1969.9219690551608,11
260,259,1969.9219690551608,11
260,261,1969.922053031356,11
261,260,1969.922053031356,11
261,262,1969.922042784186,11
262,261,1969.922042784186,11
262,263,1969.9219421128514,11
263,262,1969.9219421128514,11
263,264,1969.922010579011,11
264,263,1969.922010579011,11
264,243,1969.9219791773182,11
265,286,1969.9219322424722,12
265,266,1969.9220362516537,12
266,265,1969.9220362516537,12
266,267,1969.922009685165,12
267,266,1969.922009685165,12
267,268,1969.9219705068926,12
268,267,1969.9219705068926,12
268,269,1969.9219679818357,12
269,268,1969.9219679818357,12
269,270,1969.9219639988646,12
270,269,1969.9219639988646,12
270,271,1969.9220547669017,12
271,270,1969.9220547669017,12
271,272,1969.92200496971,12
272,271,1969.92200496971,12
272,273,1969.9219207262172,12
273,272,1969.9219207262172,12
273,274,1969.9219737539242,12
274,273,1969.9219737539242,12
274,275,1969.9220702833115,12
275,274,1969.9220702833115,12
275,276,1969.9219322424728,12
276,275,1969.9219322424728,12
276,277,1969.9220362516526,12
277,276,1969.9220362516526,12
277,278,1969.922009685166,12
278,277,1969.922009685166,12
278,279,1969.9219705068924,12
279,278,1969.9219705068924,12
279,280,1969.9219679818357,12
280,279,1969.9219679818357,12
280,281,1969.9219639988646,12
281,280,1969.9219639988646,12
281,282,1969.9220547669017,12
282,281,1969.9220547669017,12
282,283,1969.92200496971,12
283,282,1969.92200496971,12
283,284,1969.921920726218,12
284,283,1969.921920726218,12
284,285,1969.9219737539233,12
285,284,1969.9219737539233,12
285,286,1969.9220702833115,12
286,285,1969.9220702833115,12
286,265,1969.9219322424722,12
287,308,1969.921971297368,13
287,288,1969.921993665172,13
288,287,1969.921993665172,13
288,289,1969.9219902323853,13
289,288,1969.9219902323853,13
289,290,1969.922025813774,13
290,289,1969.922025813774,13
290,291,1969.921960143691,13
291,290,1969.921960143691,13
291,292,1969.9220508490057,13
292,291,1969.9220508490057,13
292,293,1969.9219203880757,13
293,292,1969.9219203880757,13
293,294,1969.9219694419446,13
294,293,1969.9219694419446,13
294,295,1969.9220744507268,13
295,294,1969.9220744507268,13
295,296,1969.921919324667,13
296,295,1969.921919324667,13
296,297,1969.92202956014,13
297,296,1969.92202956014,13
297,298,1969.9219712973693,13
298,297,1969.9219712973693,13
298,299,1969.9219936651723,13
299,298,1969.9219936651723,13
299,300,1969.9219902323862,13
300,299,1969.9219902323862,13
300,301,1969.9220258137732,13
301,300,1969.9220258137732,13
301,302,1969.9219601436926,13
302,301,1969.9219601436926,13
302,303,1969.9220508490034,13
303,302,1969.9220508490034,13
303,304,1969.9219203880762,13
304,303,1969.9219203880762,13
304,305,1969.9219694419435,13
305,304,1969.9219694419435,13
305,306,1969.9220744507293,13
306,305,1969.9220744507293,13
306,307,1969.9219193246672,13
307,306,1969.9219193246672,13
307,308,1969.9220295601413,13
308,307,1969.9220295601413,13
308,287,1969.921971297368,13
309,330,1969.9219606889717,14
309,310,1969.9219594940312,14
310,309,1969.9219594940312,14
310,311,1969.921955259112,14
311,310,1969.921955259112,14
311,312,1969.9220499308026,14
312,311,1969.9220499308026,14
312,313,1969.9219572302497,14
313,312,1969.9219572302497,14
313,314,1969.922015572287,14
314,313,1969.922015572287,14
314,315,1969.9220082100771,14
315,314,1969.9220082100771,14
315,316,1969.9219560565875,14
316,315,1969.9219560565875,14
316,317,1969.921954662292,14
317,316,1969.921954662292,14
317,318,1969.9220482177918,14
318,317,1969.9220482177918,14
318,319,1969.9220398447453,14
319,318,1969.9220398447453,14
319,320,1969.9219606889706,14
320,319,1969.9219606889706,14
320,321,1969.9219594940328,14
321,320,1969.9219594940328,14
321,322,1969.921955259111,14
322,321,1969.921955259111,14
322,323,1969.9220499308033,14
323,322,1969.9220499308033,14
323,324,1969.9219572302504,14
324,323,1969.9219572302504,14
324,325,1969.9220155722842,14
325,324,1969.9220155722842,14
325,326,1969.9220082100778,14
326,325,1969.9220082100778,14
326,327,1969.9219560565884,14
327,326,1969.9219560565884,14
327,328,1969.9219546622928,14
328,327,1969.9219546622928,14
328,329,1969.9220482177923,14
329,328,1969.9220482177923,14
329,330,1969.9220398447442,14
330,329,1969.9220398447442,14
330,309,1969.9219606889717,14
331,352,1969.921926416345,15
331,332,1969.9219913436168,15
332,331,1969.9219913436168,15
332,333,1969.9219975099836,15
333,332,1969.9219975099836,15
333,334,1969.9219962797333,15
334,333,1969.9219962797333,15
334,335,1969.9220220039147,15
335,334,1969.9220220039147,15
335,336,1969.9219249598389,15
336,335,1969.9219249598389,15
336,337,1969.9220380874149,15
337,336,1969.9220380874149,15
337,338,1969.9219855836755,15
338,337,1969.9219855836755,15
338,339,1969.9219464950745,15
339,338,1969.9219464950745,15
339,340,1969.9220254520467,15
340,339,1969.9220254520467,15
340,341,1969.922051035301,15
341,340,1969.922051035301,15
341,342,1969.9219264163464,15
342,341,1969.9219264163464,15
342,343,1969.9219913436152,15
343,342,1969.9219913436152,15
343,344,1969.9219975099838,15
344,343,1969.9219975099838,15
344,345,1969.9219962797326,15
345,344,1969.9219962797326,15
345,346,1969.9220220039151,15
346,345,1969.9220220039151,15
346,347,1969.9219249598382,15
347,346,1969.9219249598382,15
347,348,1969.9220380874158,15
348,347,1969.9220380874158,15
348,349,1969.9219855836743,15
349,348,1969.9219855836743,15
349,350,1969.9219464950752,15
350,349,1969.9219464950752,15
350,351,1969.9220254520483,15
351,350,1969.9220254520483,15
351,352,1969.9220510352995,15
352,351,1969.9220510352995,15
352,331,1969.921926416345,15
353,374,1969.9220081963997,16
353,354,1969.9219728885548,16
354,353,1969.9219728885548,16
354,355,1969.9219692497898,16
355,354,1969.9219692497898,16
355,356,1969.9220438999969,16
356,355,1969.9220438999969,16
356,357,1969.921942309007,16
357,356,1969.921942309007,16
357,358,1969.9220505331075,16
358,357,1969.9220505331075,16
358,359,1969.9220101581855,16
359,358,1969.9220101581855,16
359,360,1969.9219859299963,16
360,359,1969.9219859299963,16
360,361,1969.9219780173614,16
361,360,1969.9219780173614,16
361,362,1969.9219616550397,16
362,361,1969.9219616550397,16
362,363,1969.9219823295073,16
363,362,1969.9219823295073,16
363,364,1969.9220081963986,16
364,363,1969.9220081963986,16
364,365,1969.9219728885541,16
365,364,1969.9219728885541,16
365,366,1969.9219692497904,16
366,365,1969.9219692497904,16
366,367,1969.9220438999973,16
367,366,1969.9220438999973,16
367,368,1969.9219423090076,16
368,367,1969.9219423090076,16
368,369,1969.9220505331052,16
369,368,1969.9220505331052,16
369,370,1969.9220101581857,16
370,369,1969.9220101581857,16
370,371,1969.9219859299974,16
371,370,1969.9219859299974,16
371,372,1969.921978017362,16
372,371,1969.921978017362,16
372,373,1969.921961655039,16
373,372,1969.921961655039,16
373,374,1969.9219823295073,16
374,373,1969.9219823295073,16
374,353,1969.9220081963997,16
375,396,1969.921982270616,17
375,376,1969.9220157028878,17
376,375,1969.9220157028878,17
376,377,1969.9219963971843,17
377,376,1969.9219963971843,17
377,378,1969.9219354426928,17
378,377,1969.9219354426928,17
378,379,1969.9220553612843,17
379,378,1969.9220553612843,17
379,380,1969.9219832653012,17
380,379,1969.9219832653012,17
380,381,1969.921947655536,17
381,380,1969.921947655536,17
381,382,1969.9220364725177,17
382,381,1969.9220364725177,17
382,383,1969.9219716338941,17
383,382,1969.9219716338941,17
383,384,1969.9220262475883,17
384,383,1969.9220262475883,17
384,385,1969.921954717442,17
385,384,1969.921954717442,17
385,386,1969.9219822706182,17
386,385,1969.9219822706182,17
386,387,1969.9220157028858,17
387,386,1969.9220157028858,17
387,388,1969.9219963971852,17
388,387,1969.9219963971852,17
388,389,1969.9219354426928,17
389,388,1969.9219354426928,17
389,390,1969.9220553612854,17
390,389,1969.9220553612854,17
390,391,1969.9219832653002,17
391,390,1969.9219832653002,17
391,392,1969.9219476555365,17
392,391,1969.9219476555365,17
392,393,1969.9220364725172,17
393,392,1969.9220364725172,17
393,394,1969.9219716338935,17
394,393,1969.9219716338935,17
394,395,1969.9220262475892,17
395,394,1969.9220262475892,17
395,396,1969.921954717444,17
396,395,1969.921954717444,17
396,375,1969.921982270616,17
397,418,1969.9219833077116,18
397,398,1969.9219757365743,18
398,397,1969.9219757365743,18
398,399,1969.9219556126563,18
399,398,1969.9219556126563,18
399,400,1969.9220091125621,18
400,399,1969.9220091125621,18
400,401,1969.9219603334059,18
401,400,1969.9219603334059,18
401,402,1969.9219671031933,18
402,401,1969.9219671031933,18
402,403,1969.9220971905688,18
403,402,1969.9220971905688,18
403,404,1969.9220153699814,18
404,403,1969.9220153699814,18
404,405,1969.921848888824,18
405,404,1969.921848888824,18
405,406,1969.922056075323,18
406,405,1969.922056075323,18
406,407,1969.9220364361468,18
407,406,1969.9220364361468,18
407,408,1969.921983307712,18
408,407,1969.921983307712,18
408,409,1969.9219757365763,18
409,408,1969.9219757365763,18
409,410,1969.9219556126548,18
410,409,1969.9219556126548,18
410,411,1969.9220091125624,18
411,410,1969.9220091125624,18
411,412,1969.9219603334059,18
412,411,1969.9219603334059,18
412,413,1969.9219671031935,18
413,412,1969.9219671031935,18
413,414,1969.9220971905659,18
414,413,1969.9220971905659,18
414,415,1969.922015369985,18
415,414,1969.922015369985,18
415,416,1969.9218488888218,18
416,415,1969.9218488888218,18
416,417,1969.9220560753242,18
417,416,1969.9220560753242,18
417,418,1969.9220364361472,18
418,417,1969.9220364361472,18
418,397,1969.9219833077116,18
419,440,1969.921990668017,19
419,420,1969.9220002894317,19
420,419,1969.9220002894317,19
420,421,1969.922027278372,19
421,420,1969.922027278372,19
421,422,1969.9219744711797,19
422,421,1969.9219744711797,19
422,423,1969.9220107592619,19
423,422,1969.9220107592619,19
423,424,1969.9219563186307,19
424,423,1969.9219563186307,19
424,425,1969.9220389552338,19
425,424,1969.9220389552338,19
425,426,1969.921964988503,19
426,425,1969.921964988503,19
426,427,1969.9219881656031,19
427,426,1969.9219881656031,19
427,428,1969.9219171537384,19
428,427,1969.9219171537384,19
428,429,1969.922036118977,19
429,428,1969.922036118977,19
429,430,1969.9219906680164,19
430,429,1969.9219906680164,19
430,431,1969.9220002894306,19
431,430,1969.9220002894306,19
431,432,1969.9220272783725,19
432,431,1969.9220272783725,19
432,433,1969.9219744711804,19
433,432,1969.9219744711804,19
433,434,1969.9220107592612,19
434,433,1969.9220107592612,19
434,435,1969.921956318632,19
435,434,1969.921956318632,19
435,436,1969.922038955234,19
436,435,1969.922038955234,19
436,437,1969.9219649885001,19
437,436,1969.9219649885001,19
437,438,1969.921988165605,19
438,437,1969.921988165605,19
438,439,1969.92191715374,19
439,438,1969.92191715374,19
439,440,1969.922036118975,19
440,439,1969.922036118975,19
440,419,1969.921990668017,19
441,462,1969.9220395352884,20
441,442,1969.9219891025366,20
442,441,1969.9219891025366,20
442,443,1969.9220005203251,20
443,442,1969.9220005203251,20
443,444,1969.9219724683576,20
444,443,1969.9219724683576,20
444,445,1969.921994632574,20
445,444,1969.921994632574,20
445,446,1969.9219785437444,20
446,445,1969.9219785437444,20
446,447,1969.922016089519,20
447,446,1969.922016089519,20
447,448,1969.9220002613029,20
448,447,1969.9220002613029,20
448,449,1969.922022095654,20
449,448,1969.922022095654,20
449,450,1969.9220120009206,20
450,449,1969.9220120009206,20
450,451,1969.9218799167274,20
451,450,1969.9218799167274,20
451,452,1969.9220395352893,20
452,451,1969.9220395352893,20
452,453,1969.9219891025348,20
453,452,1969.9219891025348,20
453,454,1969.9220005203251,20
454,453,1969.9220005203251,20
454,455,1969.921972468359,20
455,454,1969.921972468359,20
455,456,1969.9219946325727,20
456,455,1969.9219946325727,20
456,457,1969.9219785437451,20
457,456,1969.9219785437451,20
457,458,1969.9220160895188,20
458,457,1969.9220160895188,20
458,459,1969.922000261303,20
459,458,1969.922000261303,20
459,460,1969.9220220956533,20
460,459,1969.9220220956533,20
460,461,1969.9220120009213,20
461,460,1969.9220120009213,20
461,462,1969.9218799167274,20
462,461,1969.9218799167274,20
462,441,1969.9220395352884,20
463,484,1969.9219489032653,21
463,464,1969.9219892379358,21
464,463,1969.9219892379358,21
464,465,1969.9220642044265,21
465,464,1969.9220642044265,21
465,466,1969.921937887436,21
466,465,1969.921937887436,21
466,467,1969.9220436116339,21
467,466,1969.9220436116339,21
467,468,1969.9219651236278,21
468,467,1969.9219651236278,21
468,469,1969.9219472637903,21
469,468,1969.9219472637903,21
469,470,1969.922038112939,21
470,469,1969.922038112939,21
470,471,1969.9219714148694,21
471,470,1969.9219714148694,21
471,472,1969.9220809856843,21
472,471,1969.9220809856843,21
472,473,1969.9219184213378,21
473,472,1969.9219184213378,21
473,474,1969.9219489032682,21
474,473,1969.9219489032682,21
474,475,1969.921989237935,21
475,474,1969.921989237935,21
475,476,1969.922064204426,21
476,475,1969.922064204426,21
476,477,1969.921937887435,21
477,476,1969.921937887435,21
477,478,1969.922043611635,21
478,477,1969.922043611635,21
478,479,1969.9219651236283,21
479,478,1969.9219651236283,21
479,480,1969.9219472637892,21
480,479,1969.9219472637892,21
480,481,1969.922038112939,21
481,480,1969.922038112939,21
481,482,1969.9219714148703,21
482,481,1969.9219714148703,21
482,483,1969.922080985686,21
483,482,1969.922080985686,21
483,484,1969.921918421338,21
484,483,1969.921918421338,21
484,463,1969.9219489032653,21
485,506,1969.9219315760643,22
485,486,1969.9220163492635,22
486,485,1969.9220163492635,22
486,487,1969.9219784350382,22
487,486,1969.9219784350382,22
487,488,1969.9219959625848,22
488,487,1969.9219959625848,22
488,489,1969.9219905971586,22
489,488,1969.9219905971586,22
489,490,1969.9219861177844,22
490,489,1969.9219861177844,22
490,491,1969.9219715361983,22
491,490,1969.9219715361983,22
491,492,1969.92203681363,22
492,491,1969.92203681363,22
492,493,1969.9219142253132,22
493,492,1969.9219142253132,22
493,494,1969.9220280845514,22
494,493,1969.9220280845514,22
494,495,1969.9220554693577,22
495,494,1969.9220554693577,22
495,496,1969.9219315760656,22
496,495,1969.9219315760656,22
496,497,1969.9220163492646,22
497,496,1969.9220163492646,22
497,498,1969.9219784350382,22
498,497,1969.9219784350382,22
498,499,1969.9219959625852,22
499,498,1969.9219959625852,22
499,500,1969.9219905971584,22
500,499,1969.9219905971584,22
500,501,1969.9219861177833,22
501,500,1969.9219861177833,22
501,502,1969.9219715362003,22
502,501,1969.9219715362003,22
502,503,1969.9220368136284,22
503,502,1969.9220368136284,22
503,504,1969.921914225313,22
504,503,1969.921914225313,22
504,505,1969.9220280845525,22
505,504,1969.9220280845525,22
505,506,1969.9220554693588,22
506,505,1969.9220554693588,22
506,485,1969.9219315760643,22
507,528,1969.922004646477,23
507,508,1969.9220372418954,23
508,507,1969.9220372418954,23
508,509,1969.9219773456566,23
509,508,1969.9219773456566,23
509,510,1969.9220092790617,23
510,509,1969.9220092790617,23
510,511,1969.9219694834867,23
511,510,1969.9219694834867,23
511,512,1969.9220379422216,23
512,511,1969.9220379422216,23
512,513,1969.9219570504104,23
513,512,1969.9219570504104,23
513,514,1969.9219766212327,23
514,513,1969.9219766212327,23
514,515,1969.9219698412198,23
515,514,1969.9219698412198,23
515,516,1969.9220862934244,23
516,515,1969.9220862934244,23
516,517,1969.9218794218568,23
517,516,1969.9218794218568,23
517,518,1969.9220046464773,23
518,517,1969.9220046464773,23
518,519,1969.9220372418965,23
519,518,1969.9220372418965,23
519,520,1969.921977345655,23
520,519,1969.921977345655,23
520,521,1969.9220092790629,23
521,520,1969.9220092790629,23
521,522,1969.9219694834842,23
522,521,1969.9219694834842,23
522,523,1969.9220379422222,23
523,522,1969.9220379422222,23
523,524,1969.9219570504106,23
524,523,1969.9219570504106,23
524,525,1969.9219766212325,23
525,524,1969.9219766212325,23
525,526,1969.9219698412207,23
526,525,1969.9219698412207,23
526,527,1969.9220862934249,23
527,526,1969.9220862934249,23
527,528,1969.9218794218561,23
528,527,1969.9218794218561,23
528,507,1969.922004646477,23
529,550,1969.9219744429201,24
529,530,1969.921945902324,24
530,529,1969.921945902324,24
530,531,1969.9220270436813,24
531,530,1969.9220270436813,24
531,532,1969.9220109861303,24
532,531,1969.9220109861303,24
532,533,1969.921971086359,24
533,532,1969.921971086359,24
533,534,1969.9219798001923,24
534,533,1969.9219798001923,24
534,535,1969.9220109863465,24
535,534,1969.9220109863465,24
535,536,1969.9219907341555,24
536,535,1969.9219907341555,24
536,537,1969.9220223600041,24
537,536,1969.9220223600041,24
537,538,1969.9219069102617,24
538,537,1969.9219069102617,24
538,539,1969.9220649145727,24
539,538,1969.9220649145727,24
539,540,1969.9219744429197,24
540,539,1969.9219744429197,24
540,541,1969.921945902325,24
541,540,1969.921945902325,24
541,542,1969.9220270436797,24
542,541,1969.9220270436797,24
542,543,1969.9220109861296,24
543,542,1969.9220109861296,24
543,544,1969.9219710863583,24
544,543,1969.9219710863583,24
544,545,1969.9219798001932,24
545,544,1969.9219798001932,24
545,546,1969.9220109863465,24
546,545,1969.9220109863465,24
546,547,1969.9219907341555,24
547,546,1969.9219907341555,24
547,548,1969.9220223600043,24
548,547,1969.9220223600043,24
548,549,1969.9219069102624,24
549,548,1969.9219069102624,24
549,550,1969.9220649145714,24
550,549,1969.9220649145714,24
550,529,1969.9219744429201,24
551,572,1969.9220415258096,25
551,552,1969.921988901219,25
552,551,1969.921988901219,25
552,553,1969.9219651115711,25
553,552,1969.9219651115711,25
553,554,1969.921997230904,25
554,553,1969.921997230904,25
554,555,1969.9219783664012,25
555,554,1969.9219783664012,25
555,556,1969.92198859698,25
556,555,1969.92198859698,25
556,557,1969.9219700130345,25
557,556,1969.9219700130345,25
557,558,1969.9219697757906,25
558,557,1969.9219697757906,25
558,559,1969.9220600882682,25
559,558,1969.9220600882682,25
559,560,1969.9219566122329,25
560,559,1969.9219566122329,25
560,561,1969.9219889447397,25
561,560,1969.9219889447397,25
561,562,1969.922041525809,25
562,561,1969.922041525809,25
562,563,1969.92198890122,25
563,562,1969.92198890122,25
563,564,1969.921965111572,25
564,563,1969.921965111572,25
564,565,1969.9219972309022,25
565,564,1969.9219972309022,25
565,566,1969.9219783664018,25
566,565,1969.9219783664018,25
566,567,1969.921988596978,25
567,566,1969.921988596978,25
567,568,1969.9219700130357,25
568,567,1969.9219700130357,25
568,569,1969.9219697757915,25
569,568,1969.9219697757915,25
569,570,1969.922060088267,25
570,569,1969.922060088267,25
570,571,1969.9219566122329,25
571,570,1969.9219566122329,25
571,572,1969.92198894474,25
572,571,1969.92198894474,25
572,551,1969.9220415258096,25
573,594,1969.9219406578177,26
573,574,1969.9220492096294,26
574,573,1969.9220492096294,26
574,575,1969.9219981604715,26
575,574,1969.9219981604715,26
575,576,1969.9220087122922,26
576,575,1969.9220087122922,26
576,577,1969.9219608501244,26
577,576,1969.9219608501244,26
577,578,1969.9219417960353,26
578,577,1969.9219417960353,26
578,579,1969.9220165733886,26
579,578,1969.9220165733886,26
579,580,1969.9220068649386,26
580,579,1969.9220068649386,26
580,581,1969.922038416182,26
581,580,1969.922038416182,26
581,582,1969.9219578789782,26
582,581,1969.9219578789782,26
582,583,1969.9219860470937,26
583,582,1969.9219860470937,26
583,584,1969.9219406578154,26
584,583,1969.9219406578154,26
584,585,1969.9220492096308,26
585,584,1969.9220492096308,26
585,586,1969.9219981604706,26
586,585,1969.9219981604706,26
586,587,1969.9220087122942,26
587,586,1969.9220087122942,26
587,588,1969.9219608501232,26
588,587,1969.9219608501232,26
588,589,1969.9219417960367,26
589,588,1969.9219417960367,26
589,590,1969.922016573387,26
590,589,1969.922016573387,26
590,591,1969.9220068649386,26
591,590,1969.9220068649386,26
591,592,1969.9220384161829,26
592,591,1969.9220384161829,26
592,593,1969.9219578789773,26
593,592,1969.9219578789773,26
593,594,1969.921986047093,26
594,593,1969.921986047093,26
594,573,1969.9219406578177,26
595,616,1969.9220350336068,27
595,596,1969.9220169700188,27
596,595,1969.9220169700188,27
596,597,1969.9219689841896,27
597,596,1969.9219689841896,27
597,598,1969.9219927694783,27
598,597,1969.9219927694783,27
598,599,1969.9219790103841,27
599,598,1969.9219790103841,27
599,600,1969.9220216453025,27
600,599,1969.9220216453025,27
600,601,1969.9219932075953,27
601,600,1969.9219932075953,27
601,602,1969.9220039398633,27
602,601,1969.9220039398633,27
602,603,1969.9219659422026,27
603,602,1969.9219659422026,27
603,604,1969.9219778129907,27
604,603,1969.9219778129907,27
604,605,1969.9219498513155,27
605,604,1969.9219498513155,27
605,606,1969.9220350336059,27
606,605,1969.9220350336059,27
606,607,1969.9220169700195,27
607,606,1969.9220169700195,27
607,608,1969.9219689841898,27
608,607,1969.9219689841898,27
608,609,1969.9219927694774,27
609,608,1969.9219927694774,27
609,610,1969.9219790103855,27
610,609,1969.9219790103855,27
610,611,1969.9220216453023,27
611,610,1969.9220216453023,27
611,612,1969.9219932075946,27
612,611,1969.9219932075946,27
612,613,1969.922003939864,27
613,612,1969.922003939864,27
613,614,1969.9219659422013,27
614,613,1969.9219659422013,27
614,615,1969.921977812991,27
615,614,1969.921977812991,27
615,616,1969.9219498513157,27
616,615,1969.9219498513157,27
616,595,1969.9220350336068,27
617,638,1969.9220463076733,28
617,618,1969.9220361510852,28
618,617,1969.9220361510852,28
618,619,1969.9219139247168,28
619,618,1969.9219139247168,28
619,620,1969.922038174791,28
620,619,1969.922038174791,28
620,621,1969.9219365255956,28
621,620,1969.9219365255956,28
621,622,1969.9220222892934,28
622,621,1969.9220222892934,28
622,623,1969.9219432781458,28
623,622,1969.9219432781458,28
623,624,1969.9220275282935,28
624,623,1969.9220275282935,28
624,625,1969.9219785177381,28
625,624,1969.9219785177381,28
625,626,1969.9219797471922,28
626,625,1969.9219797471922,28
626,627,1969.9219827224229,28
627,626,1969.9219827224229,28
627,628,1969.9220463076722,28
628,627,1969.9220463076722,28
628,629,1969.9220361510854,28
629,628,1969.9220361510854,28
629,630,1969.9219139247182,28
630,629,1969.9219139247182,28
630,631,1969.922038174791,28
631,630,1969.922038174791,28
631,632,1969.9219365255935,28
632,631,1969.9219365255935,28
632,633,1969.922022289293,28
633,632,1969.922022289293,28
633,634,1969.9219432781467,28
634,633,1969.9219432781467,28
634,635,1969.9220275282933,28
635,634,1969.9220275282933,28
635,636,1969.9219785177374,28
636,635,1969.9219785177374,28
636,637,1969.9219797471924,28
637,636,1969.9219797471924,28
637,638,1969.9219827224229,28
638,637,1969.9219827224229,28
638,617,1969.9220463076733,28
639,660,1969.9219055488795,29
639,640,1969.9220750144177,29
640,639,1969.9220750144177,29
640,641,1969.9219987660283,29
641,640,1969.9219987660283,29
641,642,1969.9220033233853,29
642,641,1969.9220033233853,29
642,643,1969.9219869130995,29
643,642,1969.9219869130995,29
643,644,1969.9220086666203,29
644,643,1969.9220086666203,29
644,645,1969.9219549356164,29
645,644,1969.9219549356164,29
645,646,1969.9219736711218,29
646,645,1969.9219736711218,29
646,647,1969.9219420366678,29
647,646,1969.9219420366678,29
647,648,1969.922032119318,29
648,647,1969.922032119318,29
648,649,1969.9220241717974,29
649,648,1969.9220241717974,29
649,650,1969.9219055488795,29
650,649,1969.9219055488795,29
650,651,1969.9220750144173,29
651,650,1969.9220750144173,29
651,652,1969.9219987660272,29
652,651,1969.9219987660272,29
652,653,1969.9220033233871,29
653,652,1969.9220033233871,29
653,654,1969.921986913098,29
654,653,1969.921986913098,29
654,655,1969.9220086666214,29
655,654,1969.9220086666214,29
655,656,1969.921954935617,29
656,655,1969.921954935617,29
656,657,1969.921973671121,29
657,656,1969.921973671121,29
657,658,1969.9219420366683,29
658,657,1969.9219420366683,29
658,659,1969.9220321193181,29
659,658,1969.9220321193181,29
659,660,1969.9220241717962,29
660,659,1969.9220241717962,29
660,639,1969.9219055488795,29
661,682,1969.92196663673,30
661,662,1969.9219728631156,30
662,661,1969.9219728631156,30
662,663,1969.9219401476687,30
663,662,1969.9219401476687,30
663,664,1969.9219859545535,30
664,663,1969.9219859545535,30
664,665,1969.9220595547424,30
665,664,1969.9220595547424,30
665,666,1969.922006940851,30
666,665,1969.922006940851,30
666,667,1969.9219227377932,30
667,666,1969.9219227377932,30
667,668,1969.921975001376,30
668,667,1969.921975001376,30
668,669,1969.9220132960259,30
669,668,1969.9220132960259,30
669,670,1969.922042961124,30
670,669,1969.922042961124,30
670,671,1969.9220190729666,30
671,670,1969.9220190729666,30
671,672,1969.92196663673,30
672,671,1969.92196663673,30
672,673,1969.921972863115,30
673,672,1969.921972863115,30
673,674,1969.9219401476698,30
674,673,1969.9219401476698,30
674,675,1969.9219859545535,30
675,674,1969.9219859545535,30
675,676,1969.922059554742,30
676,675,1969.922059554742,30
676,677,1969.9220069408507,30
677,676,1969.9220069408507,30
677,678,1969.9219227377928,30
678,677,1969.9219227377928,30
678,679,1969.921975001376,30
679,678,1969.921975001376,30
679,680,1969.9220132960263,30
680,679,1969.9220132960263,30
680,681,1969.9220429611248,30
681,680,1969.9220429611248,30
681,682,1969.9220190729654,30
682,681,1969.9220190729654,30
682,661,1969.92196663673,30
683,704,1969.9220821002507,31
683,684,1969.9219268863212,31
684,683,1969.9219268863212,31
684,685,1969.9220051786126,31
685,684,1969.9220051786126,31
685,686,1969.9219670119423,31
686,685,1969.9219670119423,31
686,687,1969.9220239188298,31
687,686,1969.9220239188298,31
687,688,1969.9219861435486,31
688,687,1969.9219861435486,31
688,689,1969.921968563617,31
689,688,1969.921968563617,31
689,690,1969.922059339858,31
690,689,1969.922059339858,31
690,691,1969.9218912076738,31
691,690,1969.9218912076738,31
691,692,1969.9220509012707,31
692,691,1969.9220509012707,31
692,693,1969.9219439150222,31
693,692,1969.9219439150222,31
693,694,1969.9220821002505,31
694,693,1969.9220821002505,31
694,695,1969.9219268863214,31
695,694,1969.9219268863214,31
695,696,1969.9220051786133,31
696,695,1969.9220051786133,31
696,697,1969.92196701194,31
697,696,1969.92196701194,31
697,698,1969.9220239188319,31
698,697,1969.9220239188319,31
698,699,1969.9219861435458,31
699,698,1969.9219861435458,31
699,700,1969.9219685636187,31
700,699,1969.9219685636187,31
700,701,1969.922059339856,31
701,700,1969.922059339856,31
701,702,1969.9218912076751,31
702,701,1969.9218912076751,31
702,703,1969.9220509012714,31
703,702,1969.9220509012714,31
703,704,1969.9219439150213,31
704,703,1969.9219439150213,31
704,683,1969.9220821002507,31
705,726,1969.9220143653465,32
705,706,1969.9220367229807,32
706,705,1969.9220367229807,32
706,707,1969.9219883709782,32
707,706,1969.9219883709782,32
707,708,1969.9219829576007,32
708,707,1969.9219829576007,32
708,709,1969.921941142996,32
709,708,1969.921941142996,32
709,710,1969.9220136879123,32
710,709,1969.9220136879123,32
710,711,1969.9220441329583,32
711,710,1969.9220441329583,32
711,712,1969.9219390273704,32
712,711,1969.9219390273704,32
712,713,1969.9220171339014,32
713,712,1969.9220171339014,32
713,714,1969.9219359509764,32
714,713,1969.9219359509764,32
714,715,1969.9219916739264,32
715,714,1969.9219916739264,32
715,716,1969.9220143653458,32
716,715,1969.9220143653458,32
716,717,1969.9220367229816,32
717,716,1969.9220367229816,32
717,718,1969.9219883709773,32
718,717,1969.9219883709773,32
718,719,1969.9219829576,32
719,718,1969.9219829576,32
719,720,1969.9219411429956,32
720,719,1969.9219411429956,32
720,721,1969.9220136879135,32
721,720,1969.9220136879135,32
721,722,1969.9220441329583,32
722,721,1969.9220441329583,32
722,723,1969.9219390273704,32
723,722,1969.9219390273704,32
723,724,1969.9220171339,32
724,723,1969.9220171339,32
724,725,1969.9219359509782,32
725,724,1969.9219359509782,32
725,726,1969.9219916739255,32
726,725,1969.9219916739255,32
726,705,1969.9220143653465,32
727,748,1969.9219062852035,33
727,728,1969.9220873542579,33
728,727,1969.9220873542579,33
728,729,1969.921951314325,33
729,728,1969.921951314325,33
729,730,1969.9219134140455,33
730,729,1969.9219134140455,33
730,731,1969.9220460018807,33
731,730,1969.9220460018807,33
731,732,1969.922014266731,33
732,731,1969.922014266731,33
732,733,1969.9219933609074,33
733,732,1969.9219933609074,33
733,734,1969.9219369465904,33
734,733,1969.9219369465904,33
734,735,1969.9220506241618,33
735,734,1969.9220506241618,33
735,736,1969.921916283132,33
736,735,1969.921916283132,33
736,737,1969.9220893157121,33
737,736,1969.9220893157121,33
737,738,1969.9219062852044,33
738,737,1969.9219062852044,33
738,739,1969.9220873542572,33
739,738,1969.9220873542572,33
739,740,1969.921951314325,33
740,739,1969.921951314325,33
740,741,1969.9219134140465,33
741,740,1969.9219134140465,33
741,742,1969.9220460018812,33
742,741,1969.9220460018812,33
742,743,1969.9220142667311,33
743,742,1969.9220142667311,33
743,744,1969.9219933609065,33
744,743,1969.9219933609065,33
744,745,1969.9219369465907,33
745,744,1969.9219369465907,33
745,746,1969.9220506241606,33
746,745,1969.9220506241606,33
746,747,1969.921916283133,33
747,746,1969.921916283133,33
747,748,1969.9220893157121,33
748,747,1969.9220893157121,33
748,727,1969.9219062852035,33
749,770,1969.921965989025,34
749,750,1969.9220450554867,34
750,749,1969.9220450554867,34
750,751,1969.921963060141,34
751,750,1969.921963060141,34
751,752,1969.9220461332484,34
752,751,1969.9220461332484,34
752,753,1969.9219082021962,34
753,752,1969.9219082021962,34
753,754,1969.92204898917,34
754,753,1969.92204898917,34
754,755,1969.921951673836,34
755,754,1969.921951673836,34
755,756,1969.9220380476202,34
756,755,1969.9220380476202,34
756,757,1969.92189704983,34
757,756,1969.92189704983,34
757,758,1969.922061110766,34
758,757,1969.922061110766,34
758,759,1969.9219798556285,34
759,758,1969.9219798556285,34
759,760,1969.921965989025,34
760,759,1969.921965989025,34
760,761,1969.9220450554867,34
761,760,1969.9220450554867,34
761,762,1969.921963060141,34
762,761,1969.921963060141,34
762,763,1969.922046133248,34
763,762,1969.922046133248,34
763,764,1969.9219082021941,34
764,763,1969.9219082021941,34
764,765,1969.9220489891718,34
765,764,1969.9220489891718,34
765,766,1969.9219516738362,34
766,765,1969.9219516738362,34
766,767,1969.9220380476186,34
767,766,1969.9220380476186,34
767,768,1969.9218970498314,34
768,767,1969.9218970498314,34
768,769,1969.9220611107655,34
769,768,1969.9220611107655,34
769,770,1969.921979855628,34
770,769,1969.921979855628,34
770,749,1969.921965989025,34
771,792,1969.9220877192404,35
771,772,1969.9219066993421,35
772,771,1969.9219066993421,35
772,773,1969.9220281229318,35
773,772,1969.9220281229318,35
773,774,1969.9219596903665,35
774,773,1969.9219596903665,35
774,775,1969.9219861322142,35
775,774,1969.9219861322142,35
775,776,1969.9220550490343,35
776,775,1969.9220550490343,35
776,777,1969.9219821964282,35
777,776,1969.9219821964282,35
777,778,1969.9219803763676,35
778,777,1969.9219803763676,35
778,779,1969.9219971136167,35
779,778,1969.9219971136167,35
779,780,1969.9219250188448,35
780,779,1969.9219250188448,35
780,781,1969.921997048559,35
781,780,1969.921997048559,35
781,782,1969.9220877192392,35
782,781,1969.9220877192392,35
782,783,1969.9219066993433,35
783,782,1969.9219066993433,35
783,784,1969.922028122931,35
784,783,1969.922028122931,35
784,785,1969.9219596903674,35
785,784,1969.9219596903674,35
785,786,1969.9219861322138,35
786,785,1969.9219861322138,35
786,787,1969.9220550490343,35
787,786,1969.9220550490343,35
787,788,1969.9219821964273,35
788,787,1969.9219821964273,35
788,789,1969.9219803763701,35
789,788,1969.9219803763701,35
789,790,1969.9219971136147,35
790,789,1969.9219971136147,35
790,791,1969.9219250188441,35
791,790,1969.9219250188441,35
791,792,1969.92199704856,35
792,791,1969.92199704856,35
792,771,1969.9220877192404,35
793,814,1969.9218852924269,36
793,794,1969.9220474255299,36
794,793,1969.9220474255299,36
794,795,1969.9219976715317,36
795,794,1969.9219976715317,36
795,796,1969.921985767177,36
796,795,1969.921985767177,36
796,797,1969.922019641943,36
797,796,1969.922019641943,36
797,798,1969.9219538769964,36
798,797,1969.9219538769964,36
798,799,1969.921975672011,36
799,798,1969.921975672011,36
799,800,1969.9220076120644,36
800,799,1969.9220076120644,36
800,801,1969.9219921644979,36
801,800,1969.9219921644979,36
801,802,1969.922039377284,36
802,801,1969.922039377284,36
802,803,1969.9220006654912,36
803,802,1969.9220006654912,36
803,804,1969.9218852924243,36
804,803,1969.9218852924243,36
804,805,1969.9220474255312,36
805,804,1969.9220474255312,36
805,806,1969.9219976715315,36
806,805,1969.9219976715315,36
806,807,1969.9219857671758,36
807,806,1969.9219857671758,36
807,808,1969.9220196419442,36
808,807,1969.9220196419442,36
808,809,1969.921953876997,36
809,808,1969.921953876997,36
809,810,1969.9219756720106,36
810,809,1969.9219756720106,36
810,811,1969.9220076120635,36
811,810,1969.9220076120635,36
811,812,1969.921992164498,36
812,811,1969.921992164498,36
812,813,1969.9220393772837,36
813,812,1969.9220393772837,36
813,814,1969.9220006654896,36
814,813,1969.9220006654896,36
814,793,1969.9218852924269,36
815,836,1969.9220658806203,37
815,816,1969.9219526349154,37
816,815,1969.9219526349154,37
816,817,1969.9219735854863,37
817,816,1969.9219735854863,37
817,818,1969.922025981039,37
818,817,1969.922025981039,37
818,819,1969.9220184313951,37
819,818,1969.9220184313951,37
819,820,1969.9219830728978,37
820,819,1969.9219830728978,37
820,821,1969.9219897628886,37
821,820,1969.9219897628886,37
821,822,1969.9219826172525,37
822,821,1969.9219826172525,37
822,823,1969.9219828336504,37
823,822,1969.9219828336504,37
823,824,1969.9220799029956,37
824,823,1969.9220799029956,37
824,825,1969.9218504638009,37
825,824,1969.9218504638009,37
825,826,1969.9220658806223,37
826,825,1969.9220658806223,37
826,827,1969.9219526349143,37
827,826,1969.9219526349143,37
827,828,1969.9219735854867,37
828,827,1969.9219735854867,37
828,829,1969.9220259810393,37
829,828,1969.9220259810393,37
829,830,1969.9220184313951,37
830,829,1969.9220184313951,37
830,831,1969.9219830728985,37
831,830,1969.9219830728985,37
831,832,1969.9219897628866,37
832,831,1969.9219897628866,37
832,833,1969.921982617253,37
833,832,1969.921982617253,37
833,834,1969.9219828336497,37
834,833,1969.9219828336497,37
834,835,1969.9220799029954,37
835,834,1969.9220799029954,37
835,836,1969.9218504638025,37
836,835,1969.9218504638025,37
836,815,1969.9220658806203,37
837,858,1969.9219849914284,38
837,838,1969.9220462480632,38
838,837,1969.9220462480632,38
838,839,1969.922022309172,38
839,838,1969.922022309172,38
839,840,1969.9219934117432,38
840,839,1969.9219934117432,38
840,841,1969.9219568986293,38
841,840,1969.9219568986293,38
841,842,1969.9219696306263,38
842,841,1969.9219696306263,38
842,843,1969.9219972572207,38
843,842,1969.9219972572207,38
843,844,1969.9220282696087,38
844,843,1969.9220282696087,38
844,845,1969.9219773751247,38
845,844,1969.9219773751247,38
845,846,1969.9219607401456,38
846,845,1969.9219607401456,38
846,847,1969.9219680351853,38
847,846,1969.9219680351853,38
847,848,1969.9219849914273,38
848,847,1969.9219849914273,38
848,849,1969.922046248064,38
849,848,1969.922046248064,38
849,850,1969.9220223091727,38
850,849,1969.9220223091727,38
850,851,1969.921993411742,38
851,850,1969.921993411742,38
851,852,1969.9219568986293,38
852,851,1969.9219568986293,38
852,853,1969.9219696306263,38
853,852,1969.9219696306263,38
853,854,1969.921997257221,38
854,853,1969.921997257221,38
854,855,1969.922028269608,38
855,854,1969.922028269608,38
855,856,1969.9219773751247,38
856,855,1969.9219773751247,38
856,857,1969.9219607401474,38
857,856,1969.9219607401474,38
857,858,1969.9219680351837,38
858,857,1969.9219680351837,38
858,837,1969.9219849914284,38
859,880,1969.9220132948908,39
859,860,1969.921989094679,39
860,859,1969.921989094679,39
860,861,1969.9219836626696,39
861,860,1969.9219836626696,39
861,862,1969.9219573719633,39
862,861,1969.9219573719633,39
862,863,1969.9220508347482,39
863,862,1969.9220508347482,39
863,864,1969.9219872581555,39
864,863,1969.9219872581555,39
864,865,1969.9219957579196,39
865,864,1969.9219957579196,39
865,866,1969.9219565891703,39
866,865,1969.9219565891703,39
866,867,1969.9220417049423,39
867,866,1969.9220417049423,39
867,868,1969.9219145144536,39
868,867,1969.9219145144536,39
868,869,1969.9220150833546,39
869,868,1969.9220150833546,39
869,870,1969.9220132948906,39
870,869,1969.9220132948906,39
870,871,1969.921989094679,39
871,870,1969.921989094679,39
871,872,1969.9219836626705,39
872,871,1969.9219836626705,39
872,873,1969.9219573719622,39
873,872,1969.9219573719622,39
873,874,1969.922050834749,39
874,873,1969.922050834749,39
874,875,1969.9219872581555,39
875,874,1969.9219872581555,39
875,876,1969.921995757919,39
876,875,1969.921995757919,39
876,877,1969.9219565891701,39
877,876,1969.9219565891701,39
877,878,1969.9220417049437,39
878,877,1969.9220417049437,39
878,879,1969.9219145144514,39
879,878,1969.9219145144514,39
879,880,1969.9220150833553,39
880,879,1969.9220150833553,39
880,859,1969.9220132948908,39
881,902,1969.9219145006782,40
881,882,1969.922045882179,40
882,881,1969.922045882179,40
882,883,1969.922003707644,40
883,882,1969.922003707644,40
883,884,1969.9219776483617,40
884,883,1969.9219776483617,40
884,885,1969.9219748906617,40
885,884,1969.9219748906617,40
885,886,1969.921991059075,40
886,885,1969.921991059075,40
886,887,1969.922021965814,40
887,886,1969.922021965814,40
887,888,1969.9219606744614,40
888,887,1969.9219606744614,40
888,889,1969.9219975095457,40
889,888,1969.9219975095457,40
889,890,1969.921985106653,40
890,889,1969.921985106653,40
890,891,1969.9220322218814,40
891,890,1969.9220322218814,40
891,892,1969.9219145006784,40
892,891,1969.9219145006784,40
892,893,1969.9220458821783,40
893,892,1969.9220458821783,40
893,894,1969.9220037076454,40
894,893,1969.9220037076454,40
894,895,1969.9219776483599,40
895,894,1969.9219776483599,40
895,896,1969.9219748906617,40
896,895,1969.9219748906617,40
896,897,1969.9219910590757,40
897,896,1969.9219910590757,40
897,898,1969.9220219658139,40
898,897,1969.9220219658139,40
898,899,1969.9219606744614,40
899,898,1969.9219606744614,40
899,900,1969.9219975095461,40
900,899,1969.9219975095461,40
900,901,1969.9219851066516,40
901,900,1969.9219851066516,40
901,902,1969.9220322218816,40
902,901,1969.9220322218816,40
902,881,1969.9219145006782,40
903,924,1969.9219185306295,41
903,904,1969.921987625417,41
904,903,1969.921987625417,41
904,905,1969.9220708731564,41
905,904,1969.9220708731564,41
905,906,1969.9219648778496,41
906,905,1969.9219648778496,41
906,907,1969.9219817806136,41
907,906,1969.9219817806136,41
907,908,1969.9219527424254,41
908,907,1969.9219527424254,41
908,909,1969.921987442684,41
909,908,1969.921987442684,41
909,910,1969.9220621741945,41
910,909,1969.9220621741945,41
910,911,1969.921925399279,41
911,910,1969.921925399279,41
911,912,1969.922019803666,41
912,911,1969.922019803666,41
912,913,1969.9220339170324,41
913,912,1969.9220339170324,41
913,914,1969.921918530629,41
914,913,1969.921918530629,41
914,915,1969.9219876254178,41
915,914,1969.9219876254178,41
915,916,1969.922070873155,41
916,915,1969.922070873155,41
916,917,1969.92196487785,41
917,916,1969.92196487785,41
917,918,1969.9219817806136,41
918,917,1969.9219817806136,41
918,919,1969.9219527424254,41
919,918,1969.9219527424254,41
919,920,1969.9219874426847,41
920,919,1969.9219874426847,41
920,921,1969.9220621741931,41
921,920,1969.9220621741931,41
921,922,1969.9219253992785,41
922,921,1969.9219253992785,41
922,923,1969.922019803666,41
923,922,1969.922019803666,41
923,924,1969.9220339170324,41
924,923,1969.9220339170324,41
924,903,1969.9219185306295,41
925,946,1969.921929040612,42
925,926,1969.9220371046358,42
926,925,1969.9220371046358,42
926,927,1969.9219110152073,42
927,926,1969.9219110152073,42
927,928,1969.9219759528667,42
928,927,1969.9219759528667,42
928,929,1969.922040172272,42
929,928,1969.922040172272,42
929,930,1969.9220300422112,42
930,929,1969.9220300422112,42
930,931,1969.9219646137487,42
931,930,1969.9219646137487,42
931,932,1969.9220028117627,42
932,931,1969.9220028117627,42
932,933,1969.9220038646222,42
933,932,1969.9220038646222,42
933,934,1969.9219369591378,42
934,933,1969.9219369591378,42
934,935,1969.922073589873,42
935,934,1969.922073589873,42
935,936,1969.9219290406127,42
936,935,1969.9219290406127,42
936,937,1969.922037104634,42
937,936,1969.922037104634,42
937,938,1969.9219110152083,42
938,937,1969.9219110152083,42
938,939,1969.9219759528664,42
939,938,1969.9219759528664,42
939,940,1969.9220401722725,42
940,939,1969.9220401722725,42
940,941,1969.9220300422103,42
941,940,1969.9220300422103,42
941,942,1969.9219646137497,42
942,941,1969.9219646137497,42
942,943,1969.9220028117618,42
943,942,1969.9220028117618,42
943,944,1969.9220038646229,42
944,943,1969.9220038646229,42
944,945,1969.9219369591376,42
945,944,1969.9219369591376,42
945,946,1969.9220735898728,42
946,945,1969.9220735898728,42
946,925,1969.921929040612,42
947,968,1969.9220807029913,43
947,948,1969.921944150655,43
948,947,1969.921944150655,43
948,949,1969.9219473690925,43
949,948,1969.9219473690925,43
949,950,1969.9220121109565,43
950,949,1969.9220121109565,43
950,951,1969.9220394615481,43
951,950,1969.9220394615481,43
951,952,1969.9219622920866,43
952,951,1969.9219622920866,43
952,953,1969.9220034583248,43
953,952,1969.9220034583248,43
953,954,1969.9219387530625,43
954,953,1969.9219387530625,43
954,955,1969.9220294174352,43
955,954,1969.9220294174352,43
955,956,1969.9220120334778,43
956,955,1969.9220120334778,43
956,957,1969.921935417317,43
957,956,1969.921935417317,43
957,958,1969.922080702992,43
958,957,1969.922080702992,43
958,959,1969.9219441506555,43
959,958,1969.9219441506555,43
959,960,1969.9219473690916,43
960,959,1969.9219473690916,43
960,961,1969.9220121109572,43
961,960,1969.9220121109572,43
961,962,1969.9220394615486,43
962,961,1969.9220394615486,43
962,963,1969.9219622920855,43
963,962,1969.9219622920855,43
963,964,1969.9220034583238,43
964,963,1969.9220034583238,43
964,965,1969.9219387530625,43
965,964,1969.9219387530625,43
965,966,1969.9220294174347,43
966,965,1969.9220294174347,43
966,967,1969.9220120334803,43
967,966,1969.9220120334803,43
967,968,1969.9219354173156,43
968,967,1969.9219354173156,43
968,947,1969.9220807029913,43
969,990,1969.9220715194954,44
969,970,1969.9219332244422,44
970,969,1969.9219332244422,44
970,971,1969.922085612517,44
971,970,1969.922085612517,44
971,972,1969.9219531996298,44
972,971,1969.9219531996298,44
972,973,1969.9220123401255,44
973,972,1969.9220123401255,44
973,974,1969.9220123020684,44
974,973,1969.9220123020684,44
974,975,1969.9219585404321,44
975,974,1969.9219585404321,44
975,976,1969.9219770052757,44
976,975,1969.9219770052757,44
976,977,1969.9219716359025,44
977,976,1969.9219716359025,44
977,978,1969.9220004103229,44
978,977,1969.9220004103229,44
978,979,1969.9219293767337,44
979,978,1969.9219293767337,44
979,980,1969.9220715194936,44
980,979,1969.9220715194936,44
980,981,1969.9219332244445,44
981,980,1969.9219332244445,44
981,982,1969.922085612516,44
982,981,1969.922085612516,44
982,983,1969.9219531996303,44
983,982,1969.9219531996303,44
983,984,1969.922012340126,44
984,983,1969.922012340126,44
984,985,1969.9220123020684,44
985,984,1969.9220123020684,44
985,986,1969.9219585404321,44
986,985,1969.9219585404321,44
986,987,1969.921977005275,44
987,986,1969.921977005275,44
987,988,1969.9219716359028,44
988,987,1969.9219716359028,44
988,989,1969.9220004103227,44
989,988,1969.9220004103227,44
989,990,1969.9219293767335,44
990,989,1969.9219293767335,44
990,969,1969.9220715194954,44
991,1012,1969.9219310317778,45
991,992,1969.9219300439777,45
992,991,1969.9219300439777,45
992,993,1969.922068227267,45
993,992,1969.922068227267,45
993,994,1969.9219564471466,45
994,993,1969.9219564471466,45
994,995,1969.9220179366323,45
995,994,1969.9220179366323,45
995,996,1969.9219812104668,45
996,995,1969.9219812104668,45
996,997,1969.9219783850442,45
997,996,1969.9219783850442,45
997,998,1969.922027061293,45
998,997,1969.922027061293,45
998,999,1969.9219728157336,45
999,998,1969.9219728157336,45
999,1000,1969.9220205837837,45
1000,999,1969.9220205837837,45
1000,1001,1969.9220214238246,45
1001,1000,1969.9220214238246,45
1001,1002,1969.9219310317762,45
1002,1001,1969.9219310317762,45
1002,1003,1969.9219300439788,45
1003,1002,1969.9219300439788,45
1003,1004,1969.922068227266,45
1004,1003,1969.922068227266,45
1004,1005,1969.921956447145,45
1005,1004,1969.921956447145,45
1005,1006,1969.9220179366334,45
1006,1005,1969.9220179366334,45
1006,1007,1969.9219812104668,45
1007,1006,1969.9219812104668,45
1007,1008,1969.9219783850438,45
1008,1007,1969.9219783850438,45
1008,1009,1969.9220270612936,45
1009,1008,1969.9220270612936,45
1009,1010,1969.9219728157352,45
1010,1009,1969.9219728157352,45
1010,1011,1969.9220205837817,45
1011,1010,1969.9220205837817,45
1011,1012,1969.9220214238233,45
1012,1011,1969.9220214238233,45
1012,991,1969.9219310317778,45
1013,1034,1969.9220435325938,46
1013,1014,1969.9220041766282,46
1014,1013,1969.9220041766282,46
1014,1015,1969.9220346458483,46
1015,1014,1969.9220346458483,46
1015,1016,1969.9219656460102,46
1016,1015,1969.9219656460102,46
1016,1017,1969.9219433213214,46
1017,1016,1969.9219433213214,46
1017,1018,1969.9220282490285,46
1018,1017,1969.9220282490285,46
1018,1019,1969.9220204538533,46
1019,1018,1969.9220204538533,46
1019,1020,1969.9219288825284,46
1020,1019,1969.9219288825284,46
1020,1021,1969.9220516743562,46
1021,1020,1969.9220516743562,46
1021,1022,1969.921966204512,46
1022,1021,1969.921966204512,46
1022,1023,1969.9219183802652,46
1023,1022,1969.9219183802652,46
1023,1024,1969.9220435325929,46
1024,1023,1969.9220435325929,46
1024,1025,1969.9220041766293,46
1025,1024,1969.9220041766293,46
1025,1026,1969.9220346458467,46
1026,1025,1969.9220346458467,46
1026,1027,1969.9219656460132,46
1027,1026,1969.9219656460132,46
1027,1028,1969.9219433213211,46
1028,1027,1969.9219433213211,46
1028,1029,1969.9220282490262,46
1029,1028,1969.9220282490262,46
1029,1030,1969.9220204538549,46
1030,1029,1969.9220204538549,46
1030,1031,1969.9219288825273,46
1031,1030,1969.9219288825273,46
1031,1032,1969.9220516743571,46
1032,1031,1969.9220516743571,46
1032,1033,1969.9219662045111,46
1033,1032,1969.9219662045111,46
1033,1034,1969.921918380265,46
1034,1033,1969.921918380265,46
1034,1013,1969.9220435325938,46
1035,1056,1969.9220643852273,47
1035,1036,1969.9219387111239,47
1036,1035,1969.9219387111239,47
1036,1037,1969.9220298439127,47
1037,1036,1969.9220298439127,47
1037,1038,1969.9219221370938,47
1038,1037,1969.9219221370938,47
1038,1039,1969.9220851530167,47
1039,1038,1969.9220851530167,47
1039,1040,1969.9219456507128,47
1040,1039,1969.9219456507128,47
1040,1041,1969.9219827446775,47
1041,1040,1969.9219827446775,47
1041,1042,1969.9219948160312,47
1042,1041,1969.9219948160312,47
1042,1043,1969.9219920806536,47
1043,1042,1969.9219920806536,47
1043,1044,1969.9219872632334,47
1044,1043,1969.9219872632334,47
1044,1045,1969.92196238126,47
1045,1044,1969.92196238126,47
1045,1046,1969.9220643852284,47
1046,1045,1969.9220643852284,47
1046,1047,1969.9219387111239,47
1047,1046,1969.9219387111239,47
1047,1048,1969.9220298439118,47
1048,1047,1969.9220298439118,47
1048,1049,1969.9219221370956,47
1049,1048,1969.9219221370956,47
1049,1050,1969.9220851530151,47
1050,1049,1969.9220851530151,47
1050,1051,1969.9219456507126,47
1051,1050,1969.9219456507126,47
1051,1052,1969.921982744677,47
1052,1051,1969.921982744677,47
1052,1053,1969.9219948160323,47
1053,1052,1969.9219948160323,47
1053,1054,1969.9219920806527,47
1054,1053,1969.9219920806527,47
1054,1055,1969.9219872632323,47
1055,1054,1969.9219872632323,47
1055,1056,1969.921962381262,47
1056,1055,1969.921962381262,47
1056,1035,1969.9220643852273,47
1057,1078,1969.9220713741986,48
1057,1058,1969.9219433756607,48
1058,1057,1969.9219433756607,48
1058,1059,1969.9220082661552,48
1059,1058,1969.9220082661552,48
1059,1060,1969.922020741032,48
1060,1059,1969.922020741032,48
1060,1061,1969.9219922621555,48
1061,1060,1969.9219922621555,48
1061,1062,1969.9219783849683,48
1062,1061,1969.9219783849683,48
1062,1063,1969.9219502076621,48
1063,1062,1969.9219502076621,48
1063,1064,1969.9220191260085,48
1064,1063,1969.9220191260085,48
1064,1065,1969.9220124775356,48
1065,1064,1969.9220124775356,48
1065,1066,1969.9220193822327,48
1066,1065,1969.9220193822327,48
1066,1067,1969.921889569339,48
1067,1066,1969.921889569339,48
1067,1068,1969.9220713742009,48
1068,1067,1969.9220713742009,48
1068,1069,1969.9219433756584,48
1069,1068,1969.9219433756584,48
1069,1070,1969.922008266156,48
1070,1069,1969.922008266156,48
1070,1071,1969.9220207410333,48
1071,1070,1969.9220207410333,48
1071,1072,1969.921992262156,48
1072,1071,1969.921992262156,48
1072,1073,1969.9219783849671,48
1073,1072,1969.9219783849671,48
1073,1074,1969.9219502076626,48
1074,1073,1969.9219502076626,48
1074,1075,1969.9220191260076,48
1075,1074,1969.9220191260076,48
1075,1076,1969.9220124775366,48
1076,1075,1969.9220124775366,48
1076,1077,1969.922019382232,48
1077,1076,1969.922019382232,48
1077,1078,1969.92188956934,48
1078,1077,1969.92188956934,48
1078,1057,1969.9220713741986,48
1079,1100,1969.9219971070488,49
1079,1080,1969.921973216582,49
1080,1079,1969.921973216582,49
1080,1081,1969.9220183324426,49
1081,1080,1969.9220183324426,49
1081,1082,1969.921995026298,49
1082,1081,1969.921995026298,49
1082,1083,1969.9220315872967,49
1083,1082,1969.9220315872967,49
1083,1084,1969.9218781767547,49
1084,1083,1969.9218781767547,49
1084,1085,1969.9220356484284,49
1085,1084,1969.9220356484284,49
1085,1086,1969.9219775732042,49
1086,1085,1969.9219775732042,49
1086,1087,1969.9220540296728,49
1087,1086,1969.9220540296728,49
1087,1088,1969.9219763310568,49
1088,1087,1969.9219763310568,49
1088,1089,1969.9219681381624,49
1089,1088,1969.9219681381624,49
1089,1090,1969.9219971070474,49
1090,1089,1969.9219971070474,49
1090,1091,1969.921973216583,49
1091,1090,1969.921973216583,49
1091,1092,1969.922018332443,49
1092,1091,1969.922018332443,49
1092,1093,1969.921995026298,49
1093,1092,1969.921995026298,49
1093,1094,1969.922031587298,49
1094,1093,1969.922031587298,49
1094,1095,1969.9218781767527,49
1095,1094,1969.9218781767527,49
1095,1096,1969.9220356484286,49
1096,1095,1969.9220356484286,49
1096,1097,1969.9219775732045,49
1097,1096,1969.9219775732045,49
1097,1098,1969.9220540296728,49
1098,1097,1969.9220540296728,49
1098,1099,1969.9219763310577,49
1099,1098,1969.9219763310577,49
1099,1100,1969.9219681381612,49
1100,1099,1969.9219681381612,49
1100,1079,1969.9219971070488,49
1101,1122,1969.9219493923456,50
1101,1102,1969.9220193322608,50
1102,1101,1969.9220193322608,50
1102,1103,1969.9220278870766,50
1103,1102,1969.9220278870766,50
1103,1104,1969.9220329994282,50
1104,1103,1969.9220329994282,50
1104,1105,1969.9219094512653,50
1105,1104,1969.9219094512653,50
1105,1106,1969.9220129609769,50
1106,1105,1969.9220129609769,50
1106,1107,1969.9220131203401,50
1107,1106,1969.9220131203401,50
1107,1108,1969.921998173921,50
1108,1107,1969.921998173921,50
1108,1109,1969.9219451193069,50
1109,1108,1969.9219451193069,50
1109,1110,1969.9219710937714,50
1110,1109,1969.9219710937714,50
1110,1111,1969.922025636255,50
1111,1110,1969.922025636255,50
1111,1112,1969.9219493923465,50
1112,1111,1969.9219493923465,50
1112,1113,1969.92201933226,50
1113,1112,1969.92201933226,50
1113,1114,1969.922027887075,50
1114,1113,1969.922027887075,50
1114,1115,1969.92203299943,50
1115,1114,1969.92203299943,50
1115,1116,1969.9219094512666,50
1116,1115,1969.9219094512666,50
1116,1117,1969.9220129609753,50
1117,1116,1969.9220129609753,50
1117,1118,1969.92201312034,50
1118,1117,1969.92201312034,50
1118,1119,1969.921998173921,50
1119,1118,1969.921998173921,50
1119,1120,1969.9219451193064,50
1120,1119,1969.9219451193064,50
1120,1121,1969.9219710937714,50
1121,1120,1969.9219710937714,50
1121,1122,1969.922025636255,50
1122,1121,1969.922025636255,50
1122,1101,1969.9219493923456,50
1123,1144,1969.9219749655376,51
1123,1124,1969.9219810788923,51
1124,1123,1969.9219810788923,51
1124,1125,1969.9220060045998,51
1125,1124,1969.9220060045998,51
1125,1126,1969.9219339041977,51
1126,1125,1969.9219339041977,51
1126,1127,1969.9220026659548,51
1127,1126,1969.9220026659548,51
1127,1128,1969.9220413356604,51
1128,1127,1969.9220413356604,51
1128,1129,1969.9220077869945,51
1129,1128,1969.9220077869945,51
1129,1130,1969.9219381462801,51
1130,1129,1969.9219381462801,51
1130,1131,1969.9220320383047,51
1131,1130,1969.9220320383047,51
1131,1132,1969.9219883974952,51
1132,1131,1969.9219883974952,51
1132,1133,1969.9219988430318,51
1133,1132,1969.9219988430318,51
1133,1134,1969.9219749655388,51
1134,1133,1969.9219749655388,51
1134,1135,1969.9219810788927,51
1135,1134,1969.9219810788927,51
1135,1136,1969.9220060045986,51
1136,1135,1969.9220060045986,51
1136,1137,1969.9219339041965,51
1137,1136,1969.9219339041965,51
1137,1138,1969.9220026659561,51
1138,1137,1969.9220026659561,51
1138,1139,1969.922041335662,51
1139,1138,1969.922041335662,51
1139,1140,1969.9220077869925,51
1140,1139,1969.9220077869925,51
1140,1141,1969.921938146281,51
1141,1140,1969.921938146281,51
1141,1142,1969.9220320383051,51
1142,1141,1969.9220320383051,51
1142,1143,1969.9219883974952,51
1143,1142,1969.9219883974952,51
1143,1144,1969.9219988430316,51
1144,1143,1969.9219988430316,51
1144,1123,1969.9219749655376,51
1145,1166,1969.9219749481856,52
1145,1146,1969.9220423351182,52
1146,1145,1969.9220423351182,52
1146,1147,1969.9219621288596,52
1147,1146,1969.9219621288596,52
1147,1148,1969.9220123902214,52
1148,1147,1969.9220123902214,52
1148,1149,1969.9219974765883,52
1149,1148,1969.9219974765883,52
1149,1150,1969.9219696540574,52
1150,1149,1969.9219696540574,52
1150,1151,1969.9219270477508,52
1151,1150,1969.9219270477508,52
1151,1152,1969.9220137588648,52
1152,1151,1969.9220137588648,52
1152,1153,1969.9219946831386,52
1153,1152,1969.9219946831386,52
1153,1154,1969.921985330418,52
1154,1153,1969.921985330418,52
1154,1155,1969.9220254137435,52
1155,1154,1969.9220254137435,52
1155,1156,1969.9219749481847,52
1156,1155,1969.9219749481847,52
1156,1157,1969.9220423351205,52
1157,1156,1969.9220423351205,52
1157,1158,1969.921962128859,52
1158,1157,1969.921962128859,52
1158,1159,1969.922012390221,52
1159,1158,1969.922012390221,52
1159,1160,1969.9219974765895,52
1160,1159,1969.9219974765895,52
1160,1161,1969.921969654057,52
1161,1160,1969.921969654057,52
1161,1162,1969.921927047752,52
1162,1161,1969.921927047752,52
1162,1163,1969.922013758863,52
1163,1162,1969.922013758863,52
1163,1164,1969.92199468314,52
1164,1163,1969.92199468314,52
1164,1165,1969.921985330418,52
1165,1164,1969.921985330418,52
1165,1166,1969.9220254137433,52
1166,1165,1969.9220254137433,52
1166,1145,1969.9219749481856,52
1167,1188,1969.9220098902506,53
1167,1168,1969.9220087475207,53
1168,1167,1969.9220087475207,53
1168,1169,1969.921952574641,53
1169,1168,1969.921952574641,53
1169,1170,1969.9220201015999,53
1170,1169,1969.9220201015999,53
1170,1171,1969.9219822769965,53
1171,1170,1969.9219822769965,53
1171,1172,1969.921999135088,53
1172,1171,1969.921999135088,53
1172,1173,1969.9219900889507,53
1173,1172,1969.9219900889507,53
1173,1174,1969.921962168331,53
1174,1173,1969.921962168331,53
1174,1175,1969.9220511722367,53
1175,1174,1969.9220511722367,53
1175,1176,1969.9219327530072,53
1176,1175,1969.9219327530072,53
1176,1177,1969.9219962583254,53
1177,1176,1969.9219962583254,53
1177,1178,1969.9220098902492,53
1178,1177,1969.9220098902492,53
1178,1179,1969.9220087475198,53
1179,1178,1969.9220087475198,53
1179,1180,1969.9219525746425,53
1180,1179,1969.9219525746425,53
1180,1181,1969.9220201015994,53
1181,1180,1969.9220201015994,53
1181,1182,1969.9219822769971,53
1182,1181,1969.9219822769971,53
1182,1183,1969.9219991350876,53
1183,1182,1969.9219991350876,53
1183,1184,1969.92199008895,53
1184,1183,1969.92199008895,53
1184,1185,1969.9219621683321,53
1185,1184,1969.9219621683321,53
1185,1186,1969.9220511722363,53
1186,1185,1969.9220511722363,53
1186,1187,1969.9219327530072,53
1187,1186,1969.9219327530072,53
1187,1188,1969.9219962583254,53
1188,1187,1969.9219962583254,53
1188,1167,1969.9220098902506,53
1189,1210,1969.9218980036612,54
1189,1190,1969.9219881554095,54
1190,1189,1969.9219881554095,54
1190,1191,1969.9220148823488,54
1191,1190,1969.9220148823488,54
1191,1192,1969.9220476781118,54
1192,1191,1969.9220476781118,54
1192,1193,1969.9220111521697,54
1193,1192,1969.9220111521697,54
1193,1194,1969.921964918811,54
1194,1193,1969.921964918811,54
1194,1195,1969.9219888622179,54
1195,1194,1969.9219888622179,54
1195,1196,1969.921988506867,54
1196,1195,1969.921988506867,54
1196,1197,1969.9219504714722,54
1197,1196,1969.9219504714722,54
1197,1198,1969.9220305900305,54
1198,1197,1969.9220305900305,54
1198,1199,1969.9220219458489,54
1199,1198,1969.9220219458489,54
1199,1200,1969.9218980036621,54
1200,1199,1969.9218980036621,54
1200,1201,1969.9219881554102,54
1201,1200,1969.9219881554102,54
1201,1202,1969.922014882346,54
1202,1201,1969.922014882346,54
1202,1203,1969.9220476781136,54
1203,1202,1969.9220476781136,54
1203,1204,1969.9220111521684,54
1204,1203,1969.9220111521684,54
1204,1205,1969.9219649188135,54
1205,1204,1969.9219649188135,54
1205,1206,1969.921988862216,54
1206,1205,1969.921988862216,54
1206,1207,1969.9219885068676,54
1207,1206,1969.9219885068676,54
1207,1208,1969.9219504714706,54
1208,1207,1969.9219504714706,54
1208,1209,1969.9220305900324,54
1209,1208,1969.9220305900324,54
1209,1210,1969.922021945849,54
1210,1209,1969.922021945849,54
1210,1189,1969.9218980036612,54
1211,1232,1969.9220409462516,55
1211,1212,1969.9219756952114,55
1212,1211,1969.9219756952114,55
1212,1213,1969.922006092445,55
1213,1212,1969.922006092445,55
1213,1214,1969.9219358828093,55
1214,1213,1969.9219358828093,55
1214,1215,1969.9220559472683,55
1215,1214,1969.9220559472683,55
1215,1216,1969.9219217603838,55
1216,1215,1969.9219217603838,55
1216,1217,1969.9220630701407,55
1217,1216,1969.9220630701407,55
1217,1218,1969.921910445351,55
1218,1217,1969.921910445351,55
1218,1219,1969.9220688531095,55
1219,1218,1969.9220688531095,55
1219,1220,1969.922001660143,55
1220,1219,1969.922001660143,55
1220,1221,1969.9219248138365,55
1221,1220,1969.9219248138365,55
1221,1222,1969.9220409462516,55
1222,1221,1969.9220409462516,55
1222,1223,1969.9219756952107,55
1223,1222,1969.9219756952107,55
1223,1224,1969.9220060924456,55
1224,1223,1969.9220060924456,55
1224,1225,1969.921935882809,55
1225,1224,1969.921935882809,55
1225,1226,1969.9220559472683,55
1226,1225,1969.9220559472683,55
1226,1227,1969.9219217603836,55
1227,1226,1969.9219217603836,55
1227,1228,1969.9220630701411,55
1228,1227,1969.9220630701411,55
1228,1229,1969.9219104453514,55
1229,1228,1969.9219104453514,55
1229,1230,1969.9220688531093,55
1230,1229,1969.9220688531093,55
1230,1231,1969.9220016601446,55
1231,1230,1969.9220016601446,55
1231,1232,1969.9219248138345,55
1232,1231,1969.9219248138345,55
1232,1211,1969.9220409462516,55
1233,1254,1969.9220375625193,56
1233,1234,1969.9220071158418,56
1234,1233,1969.9220071158418,56
1234,1235,1969.9219214596108,56
1235,1234,1969.9219214596108,56
1235,1236,1969.9220471706278,56
1236,1235,1969.9220471706278,56
1236,1237,1969.9220300679322,56
1237,1236,1969.9220300679322,56
1237,1238,1969.921920238736,56
1238,1237,1969.921920238736,56
1238,1239,1969.9219962893471,56
1239,1238,1969.9219962893471,56
1239,1240,1969.9219703648298,56
1240,1239,1969.9219703648298,56
1240,1241,1969.922010774737,56
1241,1240,1969.922010774737,56
1241,1242,1969.9220318550092,56
1242,1241,1969.9220318550092,56
1242,1243,1969.9219322677554,56
1243,1242,1969.9219322677554,56
1243,1244,1969.9220375625184,56
1244,1243,1969.9220375625184,56
1244,1245,1969.9220071158418,56
1245,1244,1969.9220071158418,56
1245,1246,1969.921921459612,56
1246,1245,1969.921921459612,56
1246,1247,1969.9220471706267,56
1247,1246,1969.9220471706267,56
1247,1248,1969.9220300679317,56
1248,1247,1969.9220300679317,56
1248,1249,1969.921920238737,56
1249,1248,1969.921920238737,56
1249,1250,1969.9219962893478,56
1250,1249,1969.9219962893478,56
1250,1251,1969.921970364829,56
1251,1250,1969.921970364829,56
1251,1252,1969.9220107747385,56
1252,1251,1969.9220107747385,56
1252,1253,1969.9220318550067,56
1253,1252,1969.9220318550067,56
1253,1254,1969.9219322677563,56
1254,1253,1969.9219322677563,56
1254,1233,1969.9220375625193,56
1255,1276,1969.9219620206386,57
1255,1256,1969.922023149524,57
1256,1255,1969.922023149524,57
1256,1257,1969.921964534016,57
1257,1256,1969.921964534016,57
1257,1258,1969.922056060108,57
1258,1257,1969.922056060108,57
1258,1259,1969.9218644831878,57
1259,1258,1969.9218644831878,57
1259,1260,1969.9220576749406,57
1260,1259,1969.9220576749406,57
1260,1261,1969.922063273247,57
1261,1260,1969.922063273247,57
1261,1262,1969.9219312976797,57
1262,1261,1969.9219312976797,57
1262,1263,1969.9220068151283,57
1263,1262,1969.9220068151283,57
1263,1264,1969.9219927677582,57
1264,1263,1969.9219927677582,57
1264,1265,1969.9219830907184,57
1265,1264,1969.9219830907184,57
1265,1266,1969.9219620206375,57
1266,1265,1969.9219620206375,57
1266,1267,1969.922023149525,57
1267,1266,1969.922023149525,57
1267,1268,1969.9219645340158,57
1268,1267,1969.9219645340158,57
1268,1269,1969.9220560601077,57
1269,1268,1969.9220560601077,57
1269,1270,1969.9218644831867,57
1270,1269,1969.9218644831867,57
1270,1271,1969.9220576749412,57
1271,1270,1969.9220576749412,57
1271,1272,1969.9220632732465,57
1272,1271,1969.9220632732465,57
1272,1273,1969.9219312976818,57
1273,1272,1969.9219312976818,57
1273,1274,1969.9220068151278,57
1274,1273,1969.9220068151278,57
1274,1275,1969.9219927677582,57
1275,1274,1969.9219927677582,57
1275,1276,1969.9219830907175,57
1276,1275,1969.9219830907175,57
1276,1255,1969.9219620206386,57
1277,1298,1969.9219540485844,58
1277,1278,1969.922045861329,58
1278,1277,1969.922045861329,58
1278,1279,1969.9219962932339,58
1279,1278,1969.9219962932339,58
1279,1280,1969.9219178439564,58
1280,1279,1969.9219178439564,58
1280,1281,1969.9220347635992,58
1281,1280,1969.9220347635992,58
1281,1282,1969.9220017117002,58
1282,1281,1969.9220017117002,58
1282,1283,1969.9219697062163,58
1283,1282,1969.9219697062163,58
1283,1284,1969.9220055903695,58
1284,1283,1969.9220055903695,58
1284,1285,1969.9220117768125,58
1285,1284,1969.9220117768125,58
1285,1286,1969.9219991544735,58
1286,1285,1969.9219991544735,58
1286,1287,1969.9219684166733,58
1287,1286,1969.9219684166733,58
1287,1288,1969.9219540485833,58
1288,1287,1969.9219540485833,58
1288,1289,1969.922045861329,58
1289,1288,1969.922045861329,58
1289,1290,1969.9219962932336,58
1290,1289,1969.9219962932336,58
1290,1291,1969.9219178439566,58
1291,1290,1969.9219178439566,58
1291,1292,1969.9220347635985,58
1292,1291,1969.9220347635985,58
1292,1293,1969.9220017117018,58
1293,1292,1969.9220017117018,58
1293,1294,1969.9219697062158,58
1294,1293,1969.9219697062158,58
1294,1295,1969.922005590369,58
1295,1294,1969.922005590369,58
1295,1296,1969.922011776813,58
1296,1295,1969.922011776813,58
1296,1297,1969.9219991544753,58
1297,1296,1969.9219991544753,58
1297,1298,1969.9219684166712,58
1298,1297,1969.9219684166712,58
1298,1277,1969.9219540485844,58
1299,1320,1969.9219912324206,59
1299,1300,1969.922012156039,59
1300,1299,1969.922012156039,59
1300,1301,1969.9219907275792,59
1301,1300,1969.9219907275792,59
1301,1302,1969.9219348185222,59
1302,1301,1969.9219348185222,59
1302,1303,1969.922026778471,59
1303,1302,1969.922026778471,59
1303,1304,1969.9219424355338,59
1304,1303,1969.9219424355338,59
1304,1305,1969.9220424860807,59
1305,1304,1969.9220424860807,59
1305,1306,1969.921928681921,59
1306,1305,1969.921928681921,59
1306,1307,1969.9220341827731,59
1307,1306,1969.9220341827731,59
1307,1308,1969.9220048211873,59
1308,1307,1969.9220048211873,59
1308,1309,1969.9219968464167,59
1309,1308,1969.9219968464167,59
1309,1310,1969.92199123242,59
1310,1309,1969.92199123242,59
1310,1311,1969.9220121560384,59
1311,1310,1969.9220121560384,59
1311,1312,1969.9219907275792,59
1312,1311,1969.9219907275792,59
1312,1313,1969.9219348185222,59
1313,1312,1969.9219348185222,59
1313,1314,1969.92202677847,59
1314,1313,1969.92202677847,59
1314,1315,1969.921942435534,59
1315,1314,1969.921942435534,59
1315,1316,1969.9220424860812,59
1316,1315,1969.9220424860812,59
1316,1317,1969.921928681923,59
1317,1316,1969.921928681923,59
1317,1318,1969.9220341827713,59
1318,1317,1969.9220341827713,59
1318,1319,1969.9220048211878,59
1319,1318,1969.9220048211878,59
1319,1320,1969.9219968464158,59
1320,1319,1969.9219968464158,59
1320,1299,1969.9219912324206,59
1321,1342,1969.922010126992,60
1321,1322,1969.921961009026,60
1322,1321,1969.921961009026,60
1322,1323,1969.9220783447267,60
1323,1322,1969.9220783447267,60
1323,1324,1969.9219412258103,60
1324,1323,1969.9219412258103,60
1324,1325,1969.9220360252716,60
1325,1324,1969.9220360252716,60
1325,1326,1969.9219525855037,60
1326,1325,1969.9219525855037,60
1326,1327,1969.9220221803182,60
1327,1326,1969.9220221803182,60
1327,1328,1969.921928632091,60
1328,1327,1969.921928632091,60
1328,1329,1969.9219742907908,60
1329,1328,1969.9219742907908,60
1329,1330,1969.9220522170529,60
1330,1329,1969.9220522170529,60
1330,1331,1969.9219485293609,60
1331,1330,1969.9219485293609,60
1331,1332,1969.9220101269916,60
1332,1331,1969.9220101269916,60
1332,1333,1969.9219610090286,60
1333,1332,1969.9219610090286,60
1333,1334,1969.9220783447265,60
1334,1333,1969.9220783447265,60
1334,1335,1969.9219412258094,60
1335,1334,1969.9219412258094,60
1335,1336,1969.9220360252716,60
1336,1335,1969.9220360252716,60
1336,1337,1969.9219525855046,60
1337,1336,1969.9219525855046,60
1337,1338,1969.9220221803173,60
1338,1337,1969.9220221803173,60
1338,1339,1969.921928632092,60
1339,1338,1969.921928632092,60
1339,1340,1969.9219742907899,60
1340,1339,1969.9219742907899,60
1340,1341,1969.9220522170529,60
1341,1340,1969.9220522170529,60
1341,1342,1969.921948529363,60
1342,1341,1969.921948529363,60
1342,1321,1969.922010126992,60
1343,1364,1969.9219546238153,61
1343,1344,1969.922021008424,61
1344,1343,1969.922021008424,61
1344,1345,1969.9219432008517,61
1345,1344,1969.9219432008517,61
1345,1346,1969.9220365959213,61
1346,1345,1969.9220365959213,61
1346,1347,1969.9219192024839,61
1347,1346,1969.9219192024839,61
1347,1348,1969.9220361294458,61
1348,1347,1969.9220361294458,61
1348,1349,1969.9220203690663,61
1349,1348,1969.9220203690663,61
1349,1350,1969.9219877185726,61
1350,1349,1969.9219877185726,61
1350,1351,1969.9219600195815,61
1351,1350,1969.9219600195815,61
1351,1352,1969.92199566956,61
1352,1351,1969.92199566956,61
1352,1353,1969.9220306292218,61
1353,1352,1969.9220306292218,61
1353,1354,1969.9219546238155,61
1354,1353,1969.9219546238155,61
1354,1355,1969.9220210084238,61
1355,1354,1969.9220210084238,61
1355,1356,1969.9219432008515,61
1356,1355,1969.9219432008515,61
1356,1357,1969.9220365959222,61
1357,1356,1969.9220365959222,61
1357,1358,1969.9219192024839,61
1358,1357,1969.9219192024839,61
1358,1359,1969.9220361294447,61
1359,1358,1969.9220361294447,61
1359,1360,1969.9220203690663,61
1360,1359,1969.9220203690663,61
1360,1361,1969.9219877185722,61
1361,1360,1969.9219877185722,61
1361,1362,1969.9219600195822,61
1362,1361,1969.9219600195822,61
1362,1363,1969.921995669561,61
1363,1362,1969.921995669561,61
1363,1364,1969.9220306292211,61
1364,1363,1969.9220306292211,61
1364,1343,1969.9219546238153,61
1365,1386,1969.921994623876,62
1365,1366,1969.9220246809086,62
1366,1365,1969.9220246809086,62
1366,1367,1969.9220091262325,62
1367,1366,1969.9220091262325,62
1367,1368,1969.9219027345248,62
1368,1367,1969.9219027345248,62
1368,1369,1969.9220374827428,62
1369,1368,1969.9220374827428,62
1369,1370,1969.9219488797457,62
1370,1369,1969.9219488797457,62
1370,1371,1969.9220246416337,62
1371,1370,1969.9220246416337,62
1371,1372,1969.9220220811935,62
1372,1371,1969.9220220811935,62
1372,1373,1969.9219381300159,62
1373,1372,1969.9219381300159,62
1373,1374,1969.922006650838,62
1374,1373,1969.922006650838,62
1374,1375,1969.9219961352414,62
1375,1374,1969.9219961352414,62
1375,1376,1969.9219946238782,62
1376,1375,1969.9219946238782,62
1376,1377,1969.922024680907,62
1377,1376,1969.922024680907,62
1377,1378,1969.9220091262323,62
1378,1377,1969.9220091262323,62
1378,1379,1969.9219027345248,62
1379,1378,1969.9219027345248,62
1379,1380,1969.9220374827428,62
1380,1379,1969.9220374827428,62
1380,1381,1969.9219488797455,62
1381,1380,1969.9219488797455,62
1381,1382,1969.9220246416348,62
1382,1381,1969.9220246416348,62
1382,1383,1969.9220220811933,62
1383,1382,1969.9220220811933,62
1383,1384,1969.9219381300154,62
1384,1383,1969.9219381300154,62
1384,1385,1969.9220066508374,62
1385,1384,1969.9220066508374,62
1385,1386,1969.9219961352435,62
1386,1385,1969.9219961352435,62
1386,1365,1969.921994623876,62
1387,1408,1969.922015802439,63
1387,1388,1969.9219700322556,63
1388,1387,1969.9219700322556,63
1388,1389,1969.9219732067854,63
1389,1388,1969.9219732067854,63
1389,1390,1969.9219754907936,63
1390,1389,1969.9219754907936,63
1390,1391,1969.9220228850088,63
1391,1390,1969.9220228850088,63
1391,1392,1969.9219262333686,63
1392,1391,1969.9219262333686,63
1392,1393,1969.9220126163325,63
1393,1392,1969.9220126163325,63
1393,1394,1969.9220177023137,63
1394,1393,1969.9220177023137,63
1394,1395,1969.9220132058645,63
1395,1394,1969.9220132058645,63
1395,1396,1969.92198925766,63
1396,1395,1969.92198925766,63
1396,1397,1969.9219887341242,63
1397,1396,1969.9219887341242,63
1397,1398,1969.9220158024407,63
1398,1397,1969.9220158024407,63
1398,1399,1969.921970032254,63
1399,1398,1969.921970032254,63
1399,1400,1969.921973206786,63
1400,1399,1969.921973206786,63
1400,1401,1969.9219754907947,63
1401,1400,1969.9219754907947,63
1401,1402,1969.9220228850088,63
1402,1401,1969.9220228850088,63
1402,1403,1969.9219262333677,63
1403,1402,1969.9219262333677,63
1403,1404,1969.9220126163336,63
1404,1403,1969.9220126163336,63
1404,1405,1969.9220177023121,63
1405,1404,1969.9220177023121,63
1405,1406,1969.9220132058651,63
1406,1405,1969.9220132058651,63
1406,1407,1969.9219892576605,63
1407,1406,1969.9219892576605,63
1407,1408,1969.9219887341244,63
1408,1407,1969.9219887341244,63
1408,1387,1969.922015802439,63
1409,1430,1969.9220303934708,64
1409,1410,1969.9220086589382,64
1410,1409,1969.9220086589382,64
1410,1411,1969.921968256101,64
1411,1410,1969.921968256101,64
1411,1412,1969.9219793712255,64
1412,1411,1969.9219793712255,64
1412,1413,1969.922032884257,64
1413,1412,1969.922032884257,64
1413,1414,1969.9218713316832,64
1414,1413,1969.9218713316832,64
1414,1415,1969.9219960338385,64
1415,1414,1969.9219960338385,64
1415,1416,1969.9220245563004,64
1416,1415,1969.9220245563004,64
1416,1417,1969.9219809764754,64
1417,1416,1969.9219809764754,64
1417,1418,1969.922061135591,64
1418,1417,1969.922061135591,64
1418,1419,1969.9219515690686,64
1419,1418,1969.9219515690686,64
1419,1420,1969.9220303934694,64
1420,1419,1969.9220303934694,64
1420,1421,1969.9220086589385,64
1421,1420,1969.9220086589385,64
1421,1422,1969.9219682561013,64
1422,1421,1969.9219682561013,64
1422,1423,1969.9219793712261,64
1423,1422,1969.9219793712261,64
1423,1424,1969.9220328842573,64
1424,1423,1969.9220328842573,64
1424,1425,1969.9218713316823,64
1425,1424,1969.9218713316823,64
1425,1426,1969.9219960338385,64
1426,1425,1969.9219960338385,64
1426,1427,1969.9220245563006,64
1427,1426,1969.9220245563006,64
1427,1428,1969.9219809764743,64
1428,1427,1969.9219809764743,64
1428,1429,1969.922061135592,64
1429,1428,1969.922061135592,64
1429,1430,1969.9219515690681,64
1430,1429,1969.9219515690681,64
1430,1409,1969.9220303934708,64
1431,1452,1969.9219720293142,65
1431,1432,1969.9220327801845,65
1432,1431,1969.9220327801845,65
1432,1433,1969.922023032833,65
1433,1432,1969.922023032833,65
1433,1434,1969.921951872334,65
1434,1433,1969.921951872334,65
1434,1435,1969.9219506748498,65
1435,1434,1969.9219506748498,65
1435,1436,1969.9220253236808,65
1436,1435,1969.9220253236808,65
1436,1437,1969.922029150288,65
1437,1436,1969.922029150288,65
1437,1438,1969.9219546581114,65
1438,1437,1969.9219546581114,65
1438,1439,1969.9219783313501,65
1439,1438,1969.9219783313501,65
1439,1440,1969.92198631605,65
1440,1439,1969.92198631605,65
1440,1441,1969.9220009979535,65
1441,1440,1969.9220009979535,65
1441,1442,1969.9219720293138,65
1442,1441,1969.9219720293138,65
1442,1443,1969.9220327801836,65
1443,1442,1969.9220327801836,65
1443,1444,1969.922023032834,65
1444,1443,1969.922023032834,65
1444,1445,1969.9219518723341,65
1445,1444,1969.9219518723341,65
1445,1446,1969.92195067485,65
1446,1445,1969.92195067485,65
1446,1447,1969.9220253236808,65
1447,1446,1969.9220253236808,65
1447,1448,1969.9220291502888,65
1448,1447,1969.9220291502888,65
1448,1449,1969.9219546581116,65
1449,1448,1969.9219546581116,65
1449,1450,1969.9219783313486,65
1450,1449,1969.9219783313486,65
1450,1451,1969.9219863160513,65
1451,1450,1969.9219863160513,65
1451,1452,1969.9220009979535,65
1452,1451,1969.9220009979535,65
1452,1431,1969.9219720293142,65
1453,1474,1969.9219749318866,66
1453,1454,1969.9219721161728,66
1454,1453,1969.9219721161728,66
1454,1455,1969.9220069853573,66
1455,1454,1969.9220069853573,66
1455,1456,1969.9219716934151,66
1456,1455,1969.9219716934151,66
1456,1457,1969.9219883157637,66
1457,1456,1969.9219883157637,66
1457,1458,1969.9220581970621,66
1458,1457,1969.9220581970621,66
1458,1459,1969.9219739834332,66
1459,1458,1969.9219739834332,66
1459,1460,1969.9219468771894,66
1460,1459,1969.9219468771894,66
1460,1461,1969.9220296360043,66
1461,1460,1969.9220296360043,66
1461,1462,1969.9219942816399,66
1462,1461,1969.9219942816399,66
1462,1463,1969.9219881490242,66
1463,1462,1969.9219881490242,66
1463,1464,1969.9219749318856,66
1464,1463,1969.9219749318856,66
1464,1465,1969.9219721161721,66
1465,1464,1969.9219721161721,66
1465,1466,1969.922006985358,66
1466,1465,1969.922006985358,66
1466,1467,1969.9219716934144,66
1467,1466,1969.9219716934144,66
1467,1468,1969.9219883157637,66
1468,1467,1969.9219883157637,66
1468,1469,1969.9220581970628,66
1469,1468,1969.9220581970628,66
1469,1470,1969.9219739834332,66
1470,1469,1969.9219739834332,66
1470,1471,1969.9219468771882,66
1471,1470,1969.9219468771882,66
1471,1472,1969.9220296360045,66
1472,1471,1969.9220296360045,66
1472,1473,1969.9219942816403,66
1473,1472,1969.9219942816403,66
1473,1474,1969.9219881490237,66
1474,1473,1969.9219881490237,66
1474,1453,1969.9219749318866,66
1475,1496,1969.9219545495546,67
1475,1476,1969.9220163400084,67
1476,1475,1969.9220163400084,67
1476,1477,1969.9219674171259,67
1477,1476,1969.9219674171259,67
1477,1478,1969.9220235543912,67
1478,1477,1969.9220235543912,67
1478,1479,1969.9219114766915,67
1479,1478,1969.9219114766915,67
1479,1480,1969.922082863698,67
1480,1479,1969.922082863698,67
1480,1481,1969.9219420196823,67
1481,1480,1969.9219420196823,67
1481,1482,1969.922061493193,67
1482,1481,1969.922061493193,67
1482,1483,1969.9218887512077,67
1483,1482,1969.9218887512077,67
1483,1484,1969.922057722731,67
1484,1483,1969.922057722731,67
1484,1485,1969.9219989786616,67
1485,1484,1969.9219989786616,67
1485,1486,1969.9219545495555,67
1486,1485,1969.9219545495555,67
1486,1487,1969.9220163400075,67
1487,1486,1969.9220163400075,67
1487,1488,1969.921967417125,67
1488,1487,1969.921967417125,67
1488,1489,1969.9220235543921,67
1489,1488,1969.9220235543921,67
1489,1490,1969.9219114766927,67
1490,1489,1969.9219114766927,67
1490,1491,1969.9220828636976,67
1491,1490,1969.9220828636976,67
1491,1492,1969.9219420196814,67
1492,1491,1969.9219420196814,67
1492,1493,1969.922061493193,67
1493,1492,1969.922061493193,67
1493,1494,1969.9218887512086,67
1494,1493,1969.9218887512086,67
1494,1495,1969.9220577227318,67
1495,1494,1969.9220577227318,67
1495,1496,1969.9219989786607,67
1496,1495,1969.9219989786607,67
1496,1475,1969.9219545495546,67
1497,1518,1969.9219689838635,68
1497,1498,1969.9219360592042,68
1498,1497,1969.9219360592042,68
1498,1499,1969.9219864981555,68
1499,1498,1969.9219864981555,68
1499,1500,1969.922034147436,68
1500,1499,1969.922034147436,68
1500,1501,1969.9219711878104,68
1501,1500,1969.9219711878104,68
1501,1502,1969.9220057702357,68
1502,1501,1969.9220057702357,68
1502,1503,1969.9219809842316,68
1503,1502,1969.9219809842316,68
1503,1504,1969.9219722115595,68
1504,1503,1969.9219722115595,68
1504,1505,1969.9220536557648,68
1505,1504,1969.9220536557648,68
1505,1506,1969.9219661926318,68
1506,1505,1969.9219661926318,68
1506,1507,1969.922029476055,68
1507,1506,1969.922029476055,68
1507,1508,1969.9219689838628,68
1508,1507,1969.9219689838628,68
1508,1509,1969.9219360592033,68
1509,1508,1969.9219360592033,68
1509,1510,1969.9219864981567,68
1510,1509,1969.9219864981567,68
1510,1511,1969.9220341474356,68
1511,1510,1969.9220341474356,68
1511,1512,1969.9219711878104,68
1512,1511,1969.9219711878104,68
1512,1513,1969.9220057702357,68
1513,1512,1969.9220057702357,68
1513,1514,1969.9219809842316,68
1514,1513,1969.9219809842316,68
1514,1515,1969.9219722115595,68
1515,1514,1969.9219722115595,68
1515,1516,1969.9220536557655,68
1516,1515,1969.9220536557655,68
1516,1517,1969.92196619263,68
1517,1516,1969.92196619263,68
1517,1518,1969.922029476056,68
1518,1517,1969.922029476056,68
1518,1497,1969.9219689838635,68
1519,1540,1969.9219269741186,69
1519,1520,1969.9220001089873,69
1520,1519,1969.9220001089873,69
1520,1521,1969.9219948470973,69
1521,1520,1969.9219948470973,69
1521,1522,1969.9220138427434,69
1522,1521,1969.9220138427434,69
1522,1523,1969.9219475332195,69
1523,1522,1969.9219475332195,69
1523,1524,1969.9219781919508,69
1524,1523,1969.9219781919508,69
1524,1525,1969.9219969303747,69
1525,1524,1969.9219969303747,69
1525,1526,1969.9219881084575,69
1526,1525,1969.9219881084575,69
1526,1527,1969.9220330597013,69
1527,1526,1969.9220330597013,69
1527,1528,1969.9219899909347,69
1528,1527,1969.9219899909347,69
1528,1529,1969.9220355793657,69
1529,1528,1969.9220355793657,69
1529,1530,1969.9219269741188,69
1530,1529,1969.9219269741188,69
1530,1531,1969.9220001089875,69
1531,1530,1969.9220001089875,69
1531,1532,1969.9219948470968,69
1532,1531,1969.9219948470968,69
1532,1533,1969.9220138427434,69
1533,1532,1969.9220138427434,69
1533,1534,1969.9219475332204,69
1534,1533,1969.9219475332204,69
1534,1535,1969.9219781919494,69
1535,1534,1969.9219781919494,69
1535,1536,1969.9219969303758,69
1536,1535,1969.9219969303758,69
1536,1537,1969.9219881084575,69
1537,1536,1969.9219881084575,69
1537,1538,1969.9220330597009,69
1538,1537,1969.9220330597009,69
1538,1539,1969.9219899909342,69
1539,1538,1969.9219899909342,69
1539,1540,1969.922035579366,69
1540,1539,1969.922035579366,69
1540,1519,1969.9219269741186,69
1541,1562,1969.9220209879306,70
1541,1542,1969.92198113106,70
1542,1541,1969.92198113106,70
1542,1543,1969.9220150610008,70
1543,1542,1969.9220150610008,70
1543,1544,1969.9219654627088,70
1544,1543,1969.9219654627088,70
1544,1545,1969.9219845274238,70
1545,1544,1969.9219845274238,70
1545,1546,1969.9220287264002,70
1546,1545,1969.9220287264002,70
1546,1547,1969.9219844853924,70
1547,1546,1969.9219844853924,70
1547,1548,1969.922010470417,70
1548,1547,1969.922010470417,70
1548,1549,1969.921936498597,70
1549,1548,1969.921936498597,70
1549,1550,1969.9220116516622,70
1550,1549,1969.9220116516622,70
1550,1551,1969.9219661643622,70
1551,1550,1969.9219661643622,70
1551,1552,1969.9220209879286,70
1552,1551,1969.9220209879286,70
1552,1553,1969.9219811310604,70
1553,1552,1969.9219811310604,70
1553,1554,1969.9220150610017,70
1554,1553,1969.9220150610017,70
1554,1555,1969.921965462708,70
1555,1554,1969.921965462708,70
1555,1556,1969.9219845274247,70
1556,1555,1969.9219845274247,70
1556,1557,1969.9220287263988,70
1557,1556,1969.9220287263988,70
1557,1558,1969.921984485392,70
1558,1557,1969.921984485392,70
1558,1559,1969.9220104704173,70
1559,1558,1969.9220104704173,70
1559,1560,1969.9219364985977,70
1560,1559,1969.9219364985977,70
1560,1561,1969.9220116516608,70
1561,1560,1969.9220116516608,70
1561,1562,1969.9219661643613,70
1562,1561,1969.9219661643613,70
1562,1541,1969.9220209879306,70
1563,1584,1969.9219446923578,71
1563,1564,1969.9220071668785,71
1564,1563,1969.9220071668785,71
1564,1565,1969.9220526271215,71
1565,1564,1969.9220526271215,71
1565,1566,1969.921912173288,71
1566,1565,1969.921912173288,71
1566,1567,1969.922044010885,71
1567,1566,1969.922044010885,71
1567,1568,1969.9219182254176,71
1568,1567,1969.9219182254176,71
1568,1569,1969.922001316972,71
1569,1568,1969.922001316972,71
1569,1570,1969.9220750096795,71
1570,1569,1969.9220750096795,71
1570,1571,1969.921953542886,71
1571,1570,1969.921953542886,71
1571,1572,1969.9219609788938,71
1572,1571,1969.9219609788938,71
1572,1573,1969.9220354225708,71
1573,1572,1969.9220354225708,71
1573,1574,1969.9219446923578,71
1574,1573,1969.9219446923578,71
1574,1575,1969.9220071668785,71
1575,1574,1969.9220071668785,71
1575,1576,1969.922052627121,71
1576,1575,1969.922052627121,71
1576,1577,1969.9219121732885,71
1577,1576,1969.9219121732885,71
1577,1578,1969.9220440108843,71
1578,1577,1969.9220440108843,71
1578,1579,1969.9219182254192,71
1579,1578,1969.9219182254192,71
1579,1580,1969.9220013169718,71
1580,1579,1969.9220013169718,71
1580,1581,1969.922075009679,71
1581,1580,1969.922075009679,71
1581,1582,1969.921953542886,71
1582,1581,1969.921953542886,71
1582,1583,1969.9219609788938,71
1583,1582,1969.9219609788938,71
1583,1584,1969.9220354225718,71
1584,1583,1969.9220354225718,71
1584,1563,1969.9219446923578,71
